"sex","sow","group.order","age","date","time","testday","context","cort_ngml","plate.name.cort","uniq.group","uniq.id","oxyt_pgml","plate.name.oxyt","time.n","time.n.z","age.z"
"m",5,2,61,2020-11-03,10:00:00,"Baseline3","Baseline",3.214,"Petra Cort 11.05.21","DG-3_W","DG-3_W_1",47.888,"BS_OXT_06.05.21",10,0.381443237386461,1.02765094108416
"m",5,2,61,2020-11-03,10:34:00,"Separation","Separation",16.721,"Petra Cort 11.05.21","DG-3_W","DG-3_W_1",24.497,"BS_OXT_06.05.21",10.5666666666667,0.928900343737335,1.02765094108416
"m",5,2,61,2020-11-03,10:55:00,"Reunion","Reunion",7.448,"Petra Cort 11.05.21","DG-3_W","DG-3_W_1",52.202,"BS_OXT_06.05.21",10.9166666666667,1.26703561530699,1.02765094108416
"m",5,1,28,2020-10-01,08:42:00,"Weaning","Weaning",12.236,"Petra_Cort_12.04.21","DG-3_W","DG-3_W_1",222.824,"BS_OXT_16.12.20",8.7,-0.874487771300841,-1.51721113840229
"m",5,1,47,2020-10-20,08:25:00,"Baseline2","Baseline",2.715,"Petra Cort 14.06.21","DG-3_W","DG-3_W_1",41.664,"BS_OXT_13.07.21",8.41666666666667,-1.14821632447628,-0.0519875168797908
"m",5,1,35,2020-10-08,08:44:00,"Play","Play",7.378,"Petra_Cort_07.04.21","DG-3_W","DG-3_W_1",219.168,"BS_OXT_16.12.20",8.73333333333333,-0.842284412103731,-0.977391909420317
"m",5,1,36,2020-10-09,08:49:00,"Baseline1","Baseline",7.143,"Petra_Cort_07.04.21","DG-3_W","DG-3_W_1",103.729,"BS_OXT_03.03.21",8.81666666666667,-0.761776014110954,-0.900274876708607
"m",6,2,28,2020-11-12,09:10:00,"Weaning","Weaning",15.492,"Petra_Cort_15.04.21","DG-4_F","DG-4_F_1",NA,NA,9.16666666666667,-0.423640742541297,-1.51721113840229
"m",6,2,35,2020-11-19,09:43:00,"Play","Play",5.086,"Petra_Cort_15.04.21","DG-4_F","DG-4_F_1",106.642,"BS_OXT_29.03.21",9.71666666666667,0.107714684211023,-0.977391909420317
"m",6,2,36,2020-11-20,09:56:00,"Baseline1","Baseline",5.999,"Petra_Cort_15.04.21","DG-4_F","DG-4_F_1",136.027,"BS_OXT_29.03.21",9.93333333333333,0.31703651899224,-0.900274876708607
"m",6,1,64,2020-12-18,08:06:00,"Baseline3","Baseline",12.57,"Petra Cort 27.05.21","DG-4_F","DG-4_F_1",127.166,"BS_OXT_18.05.21",8.1,-1.45414823684883,1.25900203921929
"m",6,1,64,2020-12-18,08:30:00,"Separation","Separation",7.035,"Petra Cort 27.05.21","DG-4_F","DG-4_F_1",37.412,"BS_OXT_18.05.21",8.5,-1.0677079264835,1.25900203921929
"m",6,1,64,2020-12-18,08:49:00,"Reunion","Reunion",7.916,"Petra Cort 27.05.21","DG-4_F","DG-4_F_1",161.432,"BS_OXT_18.05.21",8.81666666666667,-0.761776014110954,1.25900203921929
"m",6,1,49,2020-12-03,08:15:00,"Baseline2","Baseline",2.807,"Petra Cort 15.06.21","DG-4_F","DG-4_F_1",NA,NA,8.25,-1.30923312046183,0.10224654854363
"m",7,1,28,2020-08-20,08:41:00,"Weaning","Weaning",14.071,"PM_Cort_19.02.21","DG-2_W","DG-2_W_1",152.411,"BS_OXT_08.12.20",8.68333333333333,-0.890589450899395,-1.51721113840229
"m",7,1,35,2020-08-27,08:44:00,"Play","Play",8.6,"PM_Cort_19.02.21","DG-2_W","DG-2_W_1",152.902,"BS_OXT_15.12.20",8.73333333333333,-0.842284412103731,-0.977391909420317
"m",7,1,36,2020-08-28,08:43:00,"Baseline1","Baseline",5.191,"Petra_Cort_12.04.21","DG-2_W","DG-2_W_1",262.669,"BS_OXT_15.12.20",8.71666666666667,-0.858386091702285,-0.900274876708607
"m",7,1,47,2020-09-08,08:21:00,"Baseline2","Baseline",3.283,"Petra Cort 11.06.21","DG-2_W","DG-2_W_1",144.853,"BS_OXT_12.07.21",8.35,-1.2126230428705,-0.0519875168797908
"m",7,2,60,2020-09-21,09:41:00,"Baseline3","Baseline",4.132,"Petra_Cort_28.04.21","DG-2_W","DG-2_W_1",81.615,"BS_OXT_21.04.21",9.68333333333333,0.0755113250139132,0.950533908372446
"m",7,2,60,2020-09-21,10:11:00,"Separation","Separation",14.343,"Petra_Cort_28.04.21","DG-2_W","DG-2_W_1",73.227,"BS_OXT_21.04.21",10.1833333333333,0.558561712970567,0.950533908372446
"m",7,2,60,2020-09-21,10:31:00,"Reunion","Reunion",7.458,"Petra_Cort_28.04.21","DG-2_W","DG-2_W_1",141.704,"BS_OXT_21.04.21",10.5166666666667,0.880595304941671,0.950533908372446
"m",9,1,28,2020-11-12,08:53:00,"Weaning","Weaning",12.66,"Petra_Cort_12.04.21","DG-4_W","DG-4_W_1",56.493,"BS_OXT_03.03.21",8.88333333333333,-0.697369295716734,-1.51721113840229
"m",9,1,35,2020-11-19,08:50:00,"Play","Play",7.962,"Petra_Cort_12.04.21","DG-4_W","DG-4_W_1",148.713,"BS_OXT_29.03.21",8.83333333333333,-0.745674334512399,-0.977391909420317
"m",9,1,36,2020-11-20,08:48:00,"Baseline1","Baseline",17.546,"Petra_Cort_12.04.21","DG-4_W","DG-4_W_1",NA,NA,8.8,-0.777877693709509,-0.900274876708607
"m",9,1,62,2020-12-16,08:57:00,"Separation","Separation",39.06,"Petra Cort 27.05.21","DG-4_W","DG-4_W_1",73.043,"BS_OXT_18.05.21",8.95,-0.632962577322514,1.10476797379587
"m",9,1,62,2020-12-16,09:16:00,"Reunion","Reunion",10.067,"Petra Cort 27.05.21","DG-4_W","DG-4_W_1",39.453,"BS_OXT_18.05.21",9.26666666666667,-0.327030664949965,1.10476797379587
"m",9,1,48,2020-12-02,08:25:00,"Baseline2","Baseline",7.734,"Petra Cort 16.06.21","DG-4_W","DG-4_W_1",NA,NA,8.41666666666667,-1.14821632447628,0.0251295158319197
"m",10,2,28,2020-08-20,09:15:00,"Weaning","Weaning",17.656,"PM_Cort_19.02.21","DG-2_F","DG-2_F_1",NA,NA,9.25,-0.343132344548521,-1.51721113840229
"m",10,2,35,2020-08-27,09:33:00,"Play","Play",14.461,"PM_Cort_19.02.21","DG-2_F","DG-2_F_1",NA,NA,9.55,-0.0533021117745275,-0.977391909420317
"m",10,2,36,2020-08-28,09:08:00,"Baseline1","Baseline",14.58,"Petra_Cort_07.04.21","DG-2_F","DG-2_F_1",297.87,"BS_OXT_15.12.20",9.13333333333333,-0.455844101738407,-0.900274876708607
"m",12,1,64,2020-11-06,08:26:00,"Baseline3","Baseline",4.648,"Petra Cort 14.05.21","DG-3_F","DG-3_F_1",243.83,"BS_OXT_10.05.21",8.43333333333333,-1.13211464487772,1.25900203921929
"m",12,1,64,2020-11-06,08:53:00,"Separation","Separation",10.091,"Petra Cort 14.05.21","DG-3_F","DG-3_F_1",162.657,"BS_OXT_10.05.21",8.88333333333333,-0.697369295716734,1.25900203921929
"m",12,1,64,2020-11-06,09:12:00,"Reunion","Reunion",5.492,"Petra Cort 14.05.21","DG-3_F","DG-3_F_1",183.64,"BS_OXT_10.05.21",9.2,-0.391437383344187,1.25900203921929
"m",12,1,50,2020-10-23,08:25:00,"Baseline2","Baseline",3.888,"Petra Cort 14.06.21","DG-3_F","DG-3_F_1",141.51,"BS_OXT_13.07.21",8.41666666666667,-1.14821632447628,0.179363581255341
"m",12,1,55,2020-10-28,09:39:00,"Baseline2","Baseline",3.757,"Petra Cort 14.06.21","DG-3_F","DG-3_F_1",NA,NA,9.65,0.043307965816803,0.564948744813893
"m",16,1,28,2021-01-14,08:53:00,"Weaning","Weaning",26.555,"Petra_Cort_16.04.21","DG-5_W","DG-5_W_1",NA,NA,8.88333333333333,-0.697369295716734,-1.51721113840229
"m",16,1,35,2021-01-21,08:36:00,"Play","Play",5.637,"Petra_Cort_16.04.21","DG-5_W","DG-5_W_1",92.677,"BS_OXT_30.03.21",8.6,-0.971097848892171,-0.977391909420317
"m",16,1,36,2021-01-22,08:43:00,"Baseline1","Baseline",6.278,"Petra_Cort_16.04.21","DG-5_W","DG-5_W_1",68.553,"BS_OXT_21.04.21",8.71666666666667,-0.858386091702285,-0.900274876708607
"m",16,2,50,2021-02-05,11:08:00,"Baseline2","Baseline",2.415,"Petra Cort 22.06.21","DG-5_W","DG-5_W_1",NA,NA,11.1333333333333,1.47635745008821,0.179363581255341
"m",16,2,64,2021-02-19,09:15:00,"Baseline3","Baseline",1.988,"Petra.Cort.01.06.21","DG-5_W","DG-5_W_1",100.595,"BS_OXT_25.05.21",9.25,-0.343132344548521,1.25900203921929
"m",16,2,64,2021-02-19,09:40:00,"Separation","Separation",10.175,"Petra.Cort.01.06.21","DG-5_W","DG-5_W_1",87.826,"BS_OXT_25.05.21",9.66666666666667,0.0594096454153572,1.25900203921929
"m",16,2,64,2021-02-19,10:00:00,"Reunion","Reunion",8.913,"Petra.Cort.01.06.21","DG-5_W","DG-5_W_1",88.504,"BS_OXT_25.05.21",10,0.381443237386461,1.25900203921929
"m",17,2,28,2021-01-14,09:27:00,"Weaning","Weaning",15.554,"Petra_Cort_15.04.21","DG-5_F","DG-5_F_1",NA,NA,9.45,-0.14991218936586,-1.51721113840229
"m",17,2,35,2021-01-21,09:49:00,"Play","Play",4.507,"Petra_Cort_16.04.21","DG-5_F","DG-5_F_1",101.544,"BS_OXT_30.03.21",9.81666666666667,0.204324761802354,-0.977391909420317
"m",17,2,36,2021-01-22,09:32:00,"Baseline1","Baseline",7.708,"Petra_Cort_15.04.21","DG-5_F","DG-5_F_1",143.98,"BS_OXT_30.03.21",9.53333333333333,-0.0694037913730834,-0.900274876708607
"m",17,1,48,2021-02-03,08:30:00,"Baseline2","Baseline",3.31,"Petra Cort 21.06.21","DG-5_F","DG-5_F_1",NA,NA,8.5,-1.0677079264835,0.0251295158319197
"m",17,1,50,2021-02-05,08:25:00,"Baseline2","Baseline",2.709,"Petra Cort 21.06.21","DG-5_F","DG-5_F_1",79.079,"BS_OXT_13.07.21",8.41666666666667,-1.14821632447628,0.179363581255341
"m",17,1,53,2021-02-08,08:15:00,"Baseline2","Baseline",4.191,"Petra Cort 21.06.21","DG-5_F","DG-5_F_1",232.804,"BS_OXT_13.07.21",8.25,-1.30923312046183,0.410714679390472
"m",17,1,62,2021-02-17,08:27:00,"Baseline3","Baseline",2.409,"Petra.Cort.01.06.21","DG-5_F","DG-5_F_1",68.907,"BS_OXT_19.05.21",8.45,-1.11601296527917,1.10476797379587
"m",17,1,62,2021-02-17,08:53:00,"Separation","Separation",4.732,"Petra.Cort.01.06.21","DG-5_F","DG-5_F_1",40.329,"BS_OXT_19.05.21",8.88333333333333,-0.697369295716734,1.10476797379587
"m",17,1,62,2021-02-17,09:12:00,"Reunion","Reunion",5.869,"Petra.Cort.01.06.21","DG-5_F","DG-5_F_1",99.107,"BS_OXT_19.05.21",9.2,-0.391437383344187,1.10476797379587
"m",5,2,60,2020-11-02,09:20:00,"Baseline3","Baseline",6.489,"Petra Cort 11.05.21","DG-3_W","DG-3_W_2",91.534,"BS_OXT_22.04.21",9.33333333333333,-0.262623946555744,0.950533908372446
"m",5,2,60,2020-11-02,09:45:00,"Separation","Separation",17.189,"Petra Cort 11.05.21","DG-3_W","DG-3_W_2",130.679,"BS_OXT_22.04.21",9.75,0.139918043408134,0.950533908372446
"m",5,2,60,2020-11-02,10:03:00,"Reunion","Reunion",12.528,"Petra Cort 11.05.21","DG-3_W","DG-3_W_2",156.196,"BS_OXT_22.04.21",10.05,0.429748276182127,0.950533908372446
"m",5,2,46,2020-10-19,11:40:00,"Baseline2","Baseline",2.091,"Petra Cort 11.06.21","DG-3_W","DG-3_W_2",NA,NA,11.6666666666667,1.99161119724197,-0.129104549591501
"m",5,1,28,2020-10-01,08:47:00,"Weaning","Weaning",18.672,"Petra_Cort_12.04.21","DG-3_W","DG-3_W_2",309.777,"BS_OXT_16.12.20",8.78333333333333,-0.793979373308065,-1.51721113840229
"m",5,1,35,2020-10-08,08:47:00,"Play","Play",9.659,"Petra_Cort_07.04.21","DG-3_W","DG-3_W_2",193.202,"BS_OXT_16.12.20",8.78333333333333,-0.793979373308065,-0.977391909420317
"m",5,1,36,2020-10-09,08:41:00,"Baseline1","Baseline",11.837,"Petra_Cort_07.04.21","DG-3_W","DG-3_W_2",213.153,"BS_OXT_03.03.21",8.68333333333333,-0.890589450899395,-0.900274876708607
"m",6,2,36,2020-11-20,09:36:00,"Baseline1","Baseline",9.561,"Petra_Cort_15.04.21","DG-4_F","DG-4_F_2",NA,NA,9.6,-0.00499707297886308,-0.900274876708607
"m",6,2,64,2020-12-18,11:06:00,"Baseline3","Baseline",4.6,"Petra Cort 27.05.21","DG-4_F","DG-4_F_2",51.95,"BS_OXT_18.05.21",11.1,1.4441540908911,1.25900203921929
"m",6,2,64,2020-12-18,11:32:00,"Separation","Separation",6.947,"Petra Cort 27.05.21","DG-4_F","DG-4_F_2",44.755,"BS_OXT_18.05.21",11.5333333333333,1.86279776045353,1.25900203921929
"m",6,2,64,2020-12-18,11:51:00,"Reunion","Reunion",12.854,"Petra Cort 27.05.21","DG-4_F","DG-4_F_2",47.665,"BS_OXT_18.05.21",11.85,2.16872967282608,1.25900203921929
"m",6,1,50,2020-12-04,08:20:00,"Baseline2","Baseline",3.985,"Petra Cort 12.07.21","DG-4_F","DG-4_F_2",285.265,"BS_OXT_12.07.21",8.33333333333333,-1.22872472246905,0.179363581255341
"m",6,2,50,2020-12-04,11:35:00,"Baseline2","Baseline",5.721,"Petra Cort 15.06.21","DG-4_F","DG-4_F_2",NA,NA,11.5833333333333,1.9111027992492,0.179363581255341
"f",7,1,28,2020-08-20,08:44:00,"Weaning","Weaning",10.343,"PM_Cort_19.02.21","DG-2_W","DG-2_W_2",119.093,"BS_OXT_08.12.20",8.73333333333333,-0.842284412103731,-1.51721113840229
"f",7,1,35,2020-08-27,08:40:00,"Play","Play",15.157,"PM_Cort_19.02.21","DG-2_W","DG-2_W_2",188.784,"BS_OXT_15.12.20",8.66666666666667,-0.906691130497951,-0.977391909420317
"f",7,1,36,2020-08-28,08:39:00,"Baseline1","Baseline",10.786,"Petra_Cort_07.04.21","DG-2_W","DG-2_W_2",352.973,"BS_OXT_15.12.20",8.65,-0.922792810096505,-0.900274876708607
"f",7,2,48,2020-09-09,11:02:00,"Baseline2","Baseline",4.995,"Petra Cort 11.06.21","DG-2_W","DG-2_W_2",327.092,"BS_OXT_21.04.21",11.0333333333333,1.37974737249688,0.0251295158319197
"f",7,2,63,2020-09-24,09:21:00,"Baseline3","Baseline",11.219,"Petra_Cort_29.04.21","DG-2_W","DG-2_W_2",201.966,"BS_OXT_22.04.21",9.35,-0.24652226695719,1.18188500650758
"f",7,2,63,2020-09-24,09:50:00,"Separation","Separation",12.337,"Petra_Cort_29.04.21","DG-2_W","DG-2_W_2",127.369,"BS_OXT_22.04.21",9.83333333333333,0.22042644140091,1.18188500650758
"f",7,2,63,2020-09-24,10:09:00,"Reunion","Reunion",10.89,"Petra_Cort_29.04.21","DG-2_W","DG-2_W_2",299.567,"BS_OXT_22.04.21",10.15,0.526358353773457,1.18188500650758
"m",9,1,28,2020-11-12,08:46:00,"Weaning","Weaning",18.053,"Petra_Cort_12.04.21","DG-4_W","DG-4_W_2",97.906,"BS_OXT_03.03.21",8.76666666666667,-0.810081052906619,-1.51721113840229
"m",9,2,62,2020-12-16,11:32:00,"Baseline3","Baseline",9.648,"Petra Cort 27.05.21","DG-4_W","DG-4_W_2",48.721,"BS_OXT_18.05.21",11.5333333333333,1.86279776045353,1.10476797379587
"m",9,2,62,2020-12-16,11:57:00,"Separation","Separation",29.207,"Petra Cort 27.05.21","DG-4_W","DG-4_W_2",71.097,"BS_OXT_18.05.21",11.95,2.26533975041741,1.10476797379587
"m",9,2,62,2020-12-16,12:18:00,"Reunion","Reunion",10.883,"Petra Cort 27.05.21","DG-4_W","DG-4_W_2",68.376,"BS_OXT_18.05.21",12.3,2.60347502198707,1.10476797379587
"m",9,2,49,2020-12-03,10:50:00,"Baseline2","Baseline",6.187,"Petra Cort 16.06.21","DG-4_W","DG-4_W_2",NA,NA,10.8333333333333,1.18652721731422,0.10224654854363
"m",9,1,53,2020-12-07,09:02:00,"Baseline2","Baseline",8.598,"Petra Cort 12.07.21","DG-4_W","DG-4_W_2",197.16,"BS_OXT_12.07.21",9.03333333333333,-0.552454179329738,0.410714679390472
"f",10,1,46,2020-09-07,08:40:00,"Baseline2","Baseline",3.594,"Petra Cort 03.06.21","DG-2_F","DG-2_F_2",NA,NA,8.66666666666667,-0.906691130497951,-0.129104549591501
"f",10,2,47,2020-09-08,11:01:00,"Baseline2","Baseline",4.204,"Petra Cort 03.06.21","DG-2_F","DG-2_F_2",146.208,"BS_OXT_21.04.21",11.0166666666667,1.36364569289832,-0.0519875168797908
"f",10,1,48,2020-09-09,08:36:00,"Baseline2","Baseline",6.43,"Petra Cort 09.06.21","DG-2_F","DG-2_F_2",NA,NA,8.6,-0.971097848892171,0.0251295158319197
"f",10,2,62,2020-09-23,09:15:00,"Baseline3","Baseline",4.636,"Petra_Cort_29.04.21","DG-2_F","DG-2_F_2",180.432,"BS_OXT_22.04.21",9.25,-0.343132344548521,1.10476797379587
"f",10,2,62,2020-09-23,09:45:00,"Separation","Separation",36.277,"Petra_Cort_29.04.21","DG-2_F","DG-2_F_2",282.865,"BS_OXT_22.04.21",9.75,0.139918043408134,1.10476797379587
"f",10,2,62,2020-09-23,10:08:00,"Reunion","Reunion",15.555,"Petra_Cort_29.04.21","DG-2_F","DG-2_F_2",231.57,"BS_OXT_22.04.21",10.1333333333333,0.510256674174901,1.10476797379587
"m",12,2,62,2020-11-04,09:58:00,"Baseline3","Baseline",3.266,"Petra Cort 11.05.21","DG-3_F","DG-3_F_2",134.637,"BS_OXT_06.05.21",9.96666666666667,0.34923987818935,1.10476797379587
"m",12,2,62,2020-11-04,10:23:00,"Separation","Separation",13.475,"Petra Cort 11.05.21","DG-3_F","DG-3_F_2",143.498,"BS_OXT_06.05.21",10.3833333333333,0.751781868153228,1.10476797379587
"m",12,2,62,2020-11-04,10:44:00,"Reunion","Reunion",14.866,"Petra Cort 11.05.21","DG-3_F","DG-3_F_2",301.275,"BS_OXT_06.05.21",10.7333333333333,1.08991713972289,1.10476797379587
"m",12,2,28,2020-10-01,09:06:00,"Weaning","Weaning",17.845,"Petra_Cort_07.04.21","DG-3_F","DG-3_F_2",NA,NA,9.1,-0.488047460935517,-1.51721113840229
"m",12,1,47,2020-10-20,08:20:00,"Baseline2","Baseline",3.655,"Petra Cort 11.06.21","DG-3_F","DG-3_F_2",198.772,"BS_OXT_13.07.21",8.33333333333333,-1.22872472246905,-0.0519875168797908
"m",12,1,48,2020-10-21,08:25:00,"Baseline2","Baseline",3.222,"Petra Cort 14.06.21","DG-3_F","DG-3_F_2",NA,NA,8.41666666666667,-1.14821632447628,0.0251295158319197
"m",12,2,35,2020-10-08,09:46:00,"Play","Play",9.958,"Petra_Cort_07.04.21","DG-3_F","DG-3_F_2",173.768,"BS_OXT_03.03.21",9.76666666666667,0.156019723006689,-0.977391909420317
"m",16,1,28,2021-01-14,08:42:00,"Weaning","Weaning",7.18,"Petra_Cort_16.04.21","DG-5_W","DG-5_W_2",94.541,"BS_OXT_30.03.21",8.7,-0.874487771300841,-1.51721113840229
"m",16,1,35,2021-01-21,08:51:00,"Play","Play",12.738,"Petra_Cort_28.04.21","DG-5_W","DG-5_W_2",134.884,"BS_OXT_30.03.21",8.85,-0.729572654913844,-0.977391909420317
"m",16,1,36,2021-01-22,08:34:00,"Baseline1","Baseline",7.157,"Petra_Cort_28.04.21","DG-5_W","DG-5_W_2",204.988,"BS_OXT_30.03.21",8.56666666666667,-1.00330120808928,-0.900274876708607
"m",16,2,48,2021-02-03,11:42:00,"Baseline2","Baseline",12.421,"Petra Cort 22.06.21","DG-5_W","DG-5_W_2",NA,NA,11.7,2.02381455643908,0.0251295158319197
"m",16,2,62,2021-02-17,10:43:00,"Baseline3","Baseline",2.008,"Petra.Cort.01.06.21","DG-5_W","DG-5_W_2",64.027,"BS_OXT_19.05.21",10.7166666666667,1.07381546012433,1.10476797379587
"m",16,2,62,2021-02-17,11:14:00,"Separation","Separation",9.41,"Petra.Cort.01.06.21","DG-5_W","DG-5_W_2",42.118,"BS_OXT_19.05.21",11.2333333333333,1.57296752767954,1.10476797379587
"m",16,2,62,2021-02-17,11:32:00,"Reunion","Reunion",6.955,"Petra.Cort.01.06.21","DG-5_W","DG-5_W_2",36.107,"BS_OXT_25.05.21",11.5333333333333,1.86279776045353,1.10476797379587
"m",17,2,28,2021-01-14,09:27:00,"Weaning","Weaning",21.295,"Petra_Cort_15.04.21","DG-5_F","DG-5_F_2",NA,NA,9.45,-0.14991218936586,-1.51721113840229
"m",17,2,35,2021-01-21,09:35:00,"Play","Play",6.557,"Petra_Cort_28.04.21","DG-5_F","DG-5_F_2",230.853,"BS_OXT_30.03.21",9.58333333333333,-0.0210987525774173,-0.977391909420317
"m",17,2,36,2021-01-22,09:32:00,"Baseline1","Baseline",6.056,"Petra_Cort_15.04.21","DG-5_F","DG-5_F_2",106.335,"BS_OXT_13.04.21",9.53333333333333,-0.0694037913730834,-0.900274876708607
"m",17,1,48,2021-02-03,08:30:00,"Baseline2","Baseline",2.518,"Petra Cort 12.07.21","DG-5_F","DG-5_F_2",115.059,"BS_OXT_12.07.21",8.5,-1.0677079264835,0.0251295158319197
"m",17,2,62,2021-02-17,09:57:00,"Baseline3","Baseline",5.265,"Petra.Cort.01.06.21","DG-5_F","DG-5_F_2",45.62,"BS_OXT_19.05.21",9.95,0.333138198590794,1.10476797379587
"m",17,2,62,2021-02-17,10:23:00,"Separation","Separation",8.158,"Petra.Cort.01.06.21","DG-5_F","DG-5_F_2",44.992,"BS_OXT_19.05.21",10.3833333333333,0.751781868153228,1.10476797379587
"m",17,2,62,2021-02-17,10:43:00,"Reunion","Reunion",12.12,"Petra.Cort.01.06.21","DG-5_F","DG-5_F_2",86.046,"BS_OXT_19.05.21",10.7166666666667,1.07381546012433,1.10476797379587
"f",5,2,64,2020-11-06,09:12:00,"Baseline3","Baseline",5.422,"Petra Cort 11.05.21","DG-3_W","DG-3_W_3",NA,NA,9.2,-0.391437383344187,1.25900203921929
"f",5,2,64,2020-11-06,09:38:00,"Separation","Separation",21.641,"Petra Cort 11.05.21","DG-3_W","DG-3_W_3",NA,NA,9.63333333333333,0.0272062862182471,1.25900203921929
"f",5,2,64,2020-11-06,10:00:00,"Reunion","Reunion",16.223,"Petra Cort 11.05.21","DG-3_W","DG-3_W_3",NA,NA,10,0.381443237386461,1.25900203921929
"f",5,1,28,2020-10-01,08:53:00,"Weaning","Weaning",20.747,"Petra_Cort_07.04.21","DG-3_W","DG-3_W_3",218.458,"BS_OXT_16.12.20",8.88333333333333,-0.697369295716734,-1.51721113840229
"f",5,2,50,2020-10-23,10:40:00,"Baseline2","Baseline",4.307,"Petra Cort 14.06.21","DG-3_W","DG-3_W_3",NA,NA,10.6666666666667,1.02551042132867,0.179363581255341
"m",6,2,28,2020-11-12,09:27:00,"Weaning","Weaning",18.365,"Petra_Cort_15.04.21","DG-4_F","DG-4_F_3",NA,NA,9.45,-0.14991218936586,-1.51721113840229
"m",6,2,36,2020-11-20,09:42:00,"Baseline1","Baseline",6.067,"Petra_Cort_15.04.21","DG-4_F","DG-4_F_3",239.889,"BS_OXT_29.03.21",9.7,0.0916130046124674,-0.900274876708607
"m",6,2,46,2020-11-30,11:55:00,"Baseline2","Baseline",3.628,"Petra Cort 15.06.21","DG-4_F","DG-4_F_3",NA,NA,11.9166666666667,2.2331363912203,-0.129104549591501
"m",6,2,60,2020-12-14,09:38:00,"Baseline3","Baseline",4.368,"Petra Cort 14.05.21","DG-4_F","DG-4_F_3",241.223,"BS_OXT_10.05.21",9.63333333333333,0.0272062862182471,0.950533908372446
"m",6,2,60,2020-12-14,10:02:00,"Separation","Separation",8.051,"Petra Cort 14.05.21","DG-4_F","DG-4_F_3",83.786,"BS_OXT_10.05.21",10.0333333333333,0.413646596583571,0.950533908372446
"m",6,2,60,2020-12-14,10:21:00,"Reunion","Reunion",8.211,"Petra Cort 14.05.21","DG-4_F","DG-4_F_3",75.328,"BS_OXT_10.05.21",10.35,0.719578508956118,0.950533908372446
"m",6,1,50,2020-12-04,08:20:00,"Baseline2","Baseline",3.35,"Petra Cort 15.06.21","DG-4_F","DG-4_F_3",125.302,"BS_OXT_12.07.21",8.33333333333333,-1.22872472246905,0.179363581255341
"f",7,1,28,2020-08-20,08:44:00,"Weaning","Weaning",7.602,"PM_Cort_19.02.21","DG-2_W","DG-2_W_3",213.588,"BS_OXT_08.12.20",8.73333333333333,-0.842284412103731,-1.51721113840229
"f",7,2,48,2020-09-09,11:03:00,"Baseline2","Baseline",4.169,"Petra Cort 11.06.21","DG-2_W","DG-2_W_3",NA,NA,11.05,1.39584905209543,0.0251295158319197
"f",7,2,61,2020-09-22,10:52:00,"Baseline3","Baseline",6.302,"Petra_Cort_29.04.21","DG-2_W","DG-2_W_3",356.029,"BS_OXT_22.04.21",10.8666666666667,1.21873057651133,1.02765094108416
"f",7,2,61,2020-09-22,11:19:00,"Separation","Separation",12.323,"Petra_Cort_29.04.21","DG-2_W","DG-2_W_3",252.541,"BS_OXT_22.04.21",11.3166666666667,1.65347592567232,1.02765094108416
"f",7,2,61,2020-09-22,11:41:00,"Reunion","Reunion",9.386,"Petra_Cort_29.04.21","DG-2_W","DG-2_W_3",92.603,"BS_OXT_22.04.21",11.6833333333333,2.00771287684053,1.02765094108416
"f",7,1,49,2020-10-09,08:27:00,"Baseline2","Baseline",5.751,"Petra Cort 09.06.21","DG-2_W","DG-2_W_3",NA,NA,8.45,-1.11601296527917,0.10224654854363
"m",9,1,28,2020-11-12,09:00:00,"Weaning","Weaning",21.947,"Petra_Cort_12.04.21","DG-4_W","DG-4_W_3",160.732,"BS_OXT_03.03.21",9,-0.584657538526848,-1.51721113840229
"m",9,2,64,2020-12-18,08:49:00,"Baseline3","Baseline",11.457,"Petra Cort 27.05.21","DG-4_W","DG-4_W_3",105.395,"BS_OXT_19.05.21",8.81666666666667,-0.761776014110954,1.25900203921929
"m",9,2,64,2020-12-18,09:15:00,"Separation","Separation",9.835,"Petra Cort 27.05.21","DG-4_W","DG-4_W_3",61.881,"BS_OXT_19.05.21",9.25,-0.343132344548521,1.25900203921929
"m",9,2,64,2020-12-18,09:36:00,"Reunion","Reunion",11.937,"Petra Cort 27.05.21","DG-4_W","DG-4_W_3",191.762,"BS_OXT_19.05.21",9.6,-0.00499707297886308,1.25900203921929
"m",9,1,50,2020-12-04,08:15:00,"Baseline2","Baseline",4.152,"Petra Cort 12.07.21","DG-4_W","DG-4_W_3",119.451,"BS_OXT_12.07.21",8.25,-1.30923312046183,0.179363581255341
"f",10,2,35,2020-08-27,09:51:00,"Play","Play",10.67,"PM_Cort_19.02.21","DG-2_F","DG-2_F_3",NA,NA,9.85,0.236528120999464,-0.977391909420317
"f",10,2,36,2020-08-28,09:17:00,"Baseline1","Baseline",5.955,"Petra_Cort_07.04.21","DG-2_F","DG-2_F_3",409.844,"BS_OXT_16.12.20",9.28333333333333,-0.31092898535141,-0.900274876708607
"f",10,1,46,2020-09-07,08:40:00,"Baseline2","Baseline",7.6,"Petra Cort 03.06.21","DG-2_F","DG-2_F_3",NA,NA,8.66666666666667,-0.906691130497951,-0.129104549591501
"f",10,1,60,2020-09-21,08:44:00,"Baseline3","Baseline",8.067,"Petra_Cort_29.04.21","DG-2_F","DG-2_F_3",210.445,"BS_OXT_21.04.21",8.73333333333333,-0.842284412103731,0.950533908372446
"f",10,1,60,2020-09-21,09:18:00,"Separation","Separation",8.878,"Petra_Cort_29.04.21","DG-2_F","DG-2_F_3",162.457,"BS_OXT_21.04.21",9.3,-0.294827305752855,0.950533908372446
"f",10,1,60,2020-09-21,09:41:00,"Reunion","Reunion",7.571,"Petra_Cort_29.04.21","DG-2_F","DG-2_F_3",205.542,"BS_OXT_21.04.21",9.68333333333333,0.0755113250139132,0.950533908372446
"f",10,2,49,2020-10-09,10:33:00,"Baseline2","Baseline",3.564,"Petra Cort 03.06.21","DG-2_F","DG-2_F_3",NA,NA,10.55,0.912798664138781,0.10224654854363
"f",12,2,64,2020-11-06,10:00:00,"Baseline3","Baseline",4.627,"Petra Cort 14.05.21","DG-3_F","DG-3_F_3",292.63,"BS_OXT_10.05.21",10,0.381443237386461,1.25900203921929
"f",12,2,64,2020-11-06,10:26:00,"Separation","Separation",4.829,"Petra Cort 14.05.21","DG-3_F","DG-3_F_3",125.572,"BS_OXT_10.05.21",10.4333333333333,0.800086906948894,1.25900203921929
"f",12,2,64,2020-11-06,10:45:00,"Reunion","Reunion",3.078,"Petra Cort 14.05.21","DG-3_F","DG-3_F_3",97.028,"BS_OXT_10.05.21",10.75,1.10601881932144,1.25900203921929
"f",12,2,28,2020-10-01,09:14:00,"Weaning","Weaning",6.995,"Petra_Cort_12.04.21","DG-3_F","DG-3_F_3",375.671,"BS_OXT_16.12.20",9.23333333333333,-0.359234024147077,-1.51721113840229
"f",12,1,48,2020-10-21,08:20:00,"Baseline2","Baseline",2.929,"Petra Cort 14.06.21","DG-3_F","DG-3_F_3",NA,NA,8.33333333333333,-1.22872472246905,0.0251295158319197
"f",12,1,49,2020-10-22,08:20:00,"Baseline2","Baseline",4.46,"Petra Cort 14.06.21","DG-3_F","DG-3_F_3",NA,NA,8.33333333333333,-1.22872472246905,0.10224654854363
"f",12,1,50,2020-10-23,08:25:00,"Baseline2","Baseline",3.497,"Petra Cort 14.06.21","DG-3_F","DG-3_F_3",NA,NA,8.41666666666667,-1.14821632447628,0.179363581255341
"f",12,1,55,2020-10-28,09:39:00,"Baseline2","Baseline",2.956,"Petra Cort 14.06.21","DG-3_F","DG-3_F_3",NA,NA,9.65,0.043307965816803,0.564948744813893
"f",12,2,35,2020-10-08,09:36:00,"Play","Play",5.114,"Petra_Cort_12.04.21","DG-3_F","DG-3_F_3",281.581,"BS_OXT_16.12.20",9.6,-0.00499707297886308,-0.977391909420317
"f",12,2,36,2020-10-09,09:38:00,"Baseline1","Baseline",5.658,"Petra_Cort_12.04.21","DG-3_F","DG-3_F_3",203.17,"BS_OXT_03.03.21",9.63333333333333,0.0272062862182471,-0.900274876708607
"f",16,1,28,2021-01-14,08:59:00,"Weaning","Weaning",13.829,"Petra_Cort_16.04.21","DG-5_W","DG-5_W_3",169.241,"BS_OXT_30.03.21",8.98333333333333,-0.600759218125404,-1.51721113840229
"f",16,1,35,2021-01-21,08:35:00,"Play","Play",6.377,"Petra_Cort_16.04.21","DG-5_W","DG-5_W_3",190.62,"BS_OXT_13.04.21",8.58333333333333,-0.987199528490726,-0.977391909420317
"f",16,1,36,2021-01-22,08:36:00,"Baseline1","Baseline",6.179,"Petra_Cort_16.04.21","DG-5_W","DG-5_W_3",NA,NA,8.6,-0.971097848892171,-0.900274876708607
"f",16,2,46,2021-02-01,11:15:00,"Baseline2","Baseline",7.873,"Petra Cort 22.06.21","DG-5_W","DG-5_W_3",NA,NA,11.25,1.5890692072781,-0.129104549591501
"f",16,1,50,2021-02-05,08:25:00,"Baseline2","Baseline",8.277,"Petra Cort 22.06.21","DG-5_W","DG-5_W_3",NA,NA,8.41666666666667,-1.14821632447628,0.179363581255341
"f",16,2,60,2021-02-15,09:20:00,"Baseline3","Baseline",2.214,"Petra Cort 31.05.21","DG-5_W","DG-5_W_3",46.537,"BS_OXT_19.05.21",9.33333333333333,-0.262623946555744,0.950533908372446
"f",16,2,60,2021-02-15,09:45:00,"Separation","Separation",22.42,"Petra Cort 31.05.21","DG-5_W","DG-5_W_3",50.984,"BS_OXT_19.05.21",9.75,0.139918043408134,0.950533908372446
"f",16,2,60,2021-02-15,10:03:00,"Reunion","Reunion",6.459,"Petra Cort 31.05.21","DG-5_W","DG-5_W_3",71.506,"BS_OXT_19.05.21",10.05,0.429748276182127,0.950533908372446
"f",17,2,35,2021-01-21,09:33:00,"Play","Play",18.157,"Petra_Cort_16.04.21","DG-5_F","DG-5_F_3",268.202,"BS_OXT_30.03.21",9.55,-0.0533021117745275,-0.977391909420317
"f",17,2,36,2021-01-22,09:34:00,"Baseline1","Baseline",4.988,"Petra_Cort_16.04.21","DG-5_F","DG-5_F_3",275.417,"BS_OXT_13.04.21",9.56666666666667,-0.0372004321759732,-0.900274876708607
"f",17,2,47,2021-02-02,10:36:00,"Baseline2","Baseline",2.081,"Petra Cort 21.06.21","DG-5_F","DG-5_F_3",113.353,"BS_OXT_13.07.21",10.6,0.961103702934445,-0.0519875168797908
"f",17,2,61,2021-02-16,09:17:00,"Baseline3","Baseline",6.063,"Petra Cort 31.05.21","DG-5_F","DG-5_F_3",84.885,"BS_OXT_19.05.21",9.28333333333333,-0.31092898535141,1.02765094108416
"f",17,2,61,2021-02-16,09:40:00,"Separation","Separation",4.428,"Petra Cort 31.05.21","DG-5_F","DG-5_F_3",45.473,"BS_OXT_19.05.21",9.66666666666667,0.0594096454153572,1.02765094108416
"f",17,2,61,2021-02-16,10:00:00,"Reunion","Reunion",4.436,"Petra Cort 31.05.21","DG-5_F","DG-5_F_3",37.544,"BS_OXT_19.05.21",10,0.381443237386461,1.02765094108416
"m",2,1,28,2020-08-20,08:46:00,"Weaning","Weaning",9.234,"PM_Cort_19.02.21","DG-2_W","DG-2_W_4",90.232,"BS_OXT_08.12.20",8.76666666666667,-0.810081052906619,-1.51721113840229
"m",2,1,35,2020-08-27,08:37:00,"Play","Play",5.586,"PM_Cort_19.02.21","DG-2_W","DG-2_W_4",117.135,"BS_OXT_15.12.20",8.61666666666667,-0.954996169293615,-0.977391909420317
"m",2,1,36,2020-08-28,08:40:00,"Baseline1","Baseline",9.172,"Petra_Cort_07.04.21","DG-2_W","DG-2_W_4",334.626,"BS_OXT_15.12.20",8.66666666666667,-0.906691130497951,-0.900274876708607
"m",2,2,60,2020-09-21,11:21:00,"Baseline3","Baseline",4.149,"Petra_Cort_28.04.21","DG-2_W","DG-2_W_4",130.322,"BS_OXT_21.04.21",11.35,1.68567928486943,0.950533908372446
"m",2,2,60,2020-09-21,11:49:00,"Separation","Separation",29.026,"Petra_Cort_28.04.21","DG-2_W","DG-2_W_4",253.125,"BS_OXT_21.04.21",11.8166666666667,2.13652631362897,0.950533908372446
"m",2,2,60,2020-09-21,12:07:00,"Reunion","Reunion",11.467,"Petra_Cort_28.04.21","DG-2_W","DG-2_W_4",88.246,"BS_OXT_21.04.21",12.1166666666667,2.42635654640296,0.950533908372446
"f",5,1,61,2020-11-03,08:21:00,"Baseline3","Baseline",2.458,"Petra Cort 14.05.21","DG-3_W","DG-3_W_4",102.726,"BS_OXT_22.04.21",8.35,-1.2126230428705,1.02765094108416
"f",5,1,61,2020-11-03,08:48:00,"Separation","Separation",6.604,"Petra Cort 14.05.21","DG-3_W","DG-3_W_4",73.433,"BS_OXT_22.04.21",8.8,-0.777877693709509,1.02765094108416
"f",5,1,61,2020-11-03,09:10:00,"Reunion","Reunion",7.368,"Petra Cort 14.05.21","DG-3_W","DG-3_W_4",157.13,"BS_OXT_22.04.21",9.16666666666667,-0.423640742541297,1.02765094108416
"f",5,1,28,2020-10-01,08:53:00,"Weaning","Weaning",14.172,"Petra_Cort_07.04.21","DG-3_W","DG-3_W_4",NA,NA,8.88333333333333,-0.697369295716734,-1.51721113840229
"f",5,1,47,2020-10-20,08:25:00,"Baseline2","Baseline",4.084,"Petra Cort 14.06.21","DG-3_W","DG-3_W_4",NA,NA,8.41666666666667,-1.14821632447628,-0.0519875168797908
"f",5,1,49,2020-10-22,08:20:00,"Baseline2","Baseline",5.023,"Petra Cort 14.06.21","DG-3_W","DG-3_W_4",NA,NA,8.33333333333333,-1.22872472246905,0.10224654854363
"f",5,1,55,2020-10-28,09:45:00,"Baseline2","Baseline",2.497,"Petra Cort 14.06.21","DG-3_W","DG-3_W_4",46.664,"BS_OXT_13.07.21",9.75,0.139918043408134,0.564948744813893
"f",5,1,35,2020-10-08,08:45:00,"Play","Play",7.287,"Petra_Cort_07.04.21","DG-3_W","DG-3_W_4",200.716,"BS_OXT_16.12.20",8.75,-0.826182732505175,-0.977391909420317
"f",6,2,28,2020-11-12,09:19:00,"Weaning","Weaning",18.629,"Petra_Cort_15.04.21","DG-4_F","DG-4_F_4",128.902,"BS_OXT_29.03.21",9.31666666666667,-0.2787256261543,-1.51721113840229
"f",6,2,35,2020-11-19,09:42:00,"Play","Play",3.967,"Petra_Cort_15.04.21","DG-4_F","DG-4_F_4",110.258,"BS_OXT_29.03.21",9.7,0.0916130046124674,-0.977391909420317
"f",6,2,36,2020-11-20,09:57:00,"Baseline1","Baseline",4.024,"Petra_Cort_15.04.21","DG-4_F","DG-4_F_4",376.257,"BS_OXT_30.03.21",9.95,0.333138198590794,-0.900274876708607
"f",6,1,61,2020-12-15,08:13:00,"Baseline3","Baseline",3.765,"Petra Cort 14.05.21","DG-4_F","DG-4_F_4",50.405,"BS_OXT_10.05.21",8.21666666666667,-1.34143647965894,1.02765094108416
"f",6,1,61,2020-12-15,08:35:00,"Separation","Separation",11.461,"Petra Cort 14.05.21","DG-4_F","DG-4_F_4",47.626,"BS_OXT_10.05.21",8.58333333333333,-0.987199528490726,1.02765094108416
"f",6,1,61,2020-12-15,08:55:00,"Reunion","Reunion",11.737,"Petra Cort 14.05.21","DG-4_F","DG-4_F_4",70,"BS_OXT_10.05.21",8.91666666666667,-0.665165936519624,1.02765094108416
"f",6,1,47,2020-12-01,08:30:00,"Baseline2","Baseline",3.89,"Petra Cort 15.06.21","DG-4_F","DG-4_F_4",208.848,"BS_OXT_12.07.21",8.5,-1.0677079264835,-0.0519875168797908
"f",9,1,28,2020-11-12,08:48:00,"Weaning","Weaning",8.601,"Petra_Cort_12.04.21","DG-4_W","DG-4_W_4",101.136,"BS_OXT_03.03.21",8.8,-0.777877693709509,-1.51721113840229
"f",9,1,35,2020-11-19,08:40:00,"Play","Play",10.236,"Petra_Cort_12.04.21","DG-4_W","DG-4_W_4",109.81,"BS_OXT_29.03.21",8.66666666666667,-0.906691130497951,-0.977391909420317
"f",9,1,36,2020-11-20,08:36:00,"Baseline1","Baseline",4.979,"Petra_Cort_12.04.21","DG-4_W","DG-4_W_4",123.052,"BS_OXT_29.03.21",8.6,-0.971097848892171,-0.900274876708607
"f",9,2,61,2020-12-15,10:38:00,"Baseline3","Baseline",3.426,"Petra Cort 27.05.21","DG-4_W","DG-4_W_4",74.4,"BS_OXT_18.05.21",10.6333333333333,0.993307062131555,1.02765094108416
"f",9,2,61,2020-12-15,11:05:00,"Separation","Separation",16.296,"Petra Cort 27.05.21","DG-4_W","DG-4_W_4",121.729,"BS_OXT_18.05.21",11.0833333333333,1.42805241129255,1.02765094108416
"f",9,2,61,2020-12-15,11:26:00,"Reunion","Reunion",5.419,"Petra Cort 27.05.21","DG-4_W","DG-4_W_4",72.21,"BS_OXT_18.05.21",11.4333333333333,1.7661876828622,1.02765094108416
"f",9,1,48,2020-12-02,08:20:00,"Baseline2","Baseline",3.383,"Petra Cort 12.07.21","DG-4_W","DG-4_W_4",193.274,"BS_OXT_12.07.21",8.33333333333333,-1.22872472246905,0.0251295158319197
"m",11,2,35,2020-08-27,09:31:00,"Play","Play",13.426,"PM_Cort_19.02.21","DG-2_F","DG-2_F_4",420.11,"BS_OXT_15.12.20",9.51666666666667,-0.0855054709716376,-0.977391909420317
"m",11,2,36,2020-08-28,09:07:00,"Baseline1","Baseline",5.088,"Petra_Cort_07.04.21","DG-2_F","DG-2_F_4",271.547,"BS_OXT_15.12.20",9.11666666666667,-0.471945781336961,-0.900274876708607
"m",11,2,47,2020-09-08,11:04:00,"Baseline2","Baseline",4.749,"Petra Cort 09.06.21","DG-2_F","DG-2_F_4",NA,NA,11.0666666666667,1.41195073169399,-0.0519875168797908
"m",11,1,48,2020-09-09,08:28:00,"Baseline2","Baseline",3.831,"Petra Cort 09.06.21","DG-2_F","DG-2_F_4",NA,NA,8.46666666666667,-1.09991128568061,0.0251295158319197
"m",11,2,63,2020-09-24,10:10:00,"Baseline3","Baseline",6.442,"Petra_Cort_29.04.21","DG-2_F","DG-2_F_4",204.616,"BS_OXT_22.04.21",10.1666666666667,0.542460033372011,1.18188500650758
"m",11,2,63,2020-09-24,10:35:00,"Separation","Separation",12.237,"Petra_Cort_29.04.21","DG-2_F","DG-2_F_4",271.791,"BS_OXT_22.04.21",10.5833333333333,0.945002023335891,1.18188500650758
"m",11,2,63,2020-09-24,10:55:00,"Reunion","Reunion",8.515,"Petra_Cort_29.04.21","DG-2_F","DG-2_F_4",169.138,"BS_OXT_22.04.21",10.9166666666667,1.26703561530699,1.18188500650758
"m",11,2,49,2020-10-09,10:25:00,"Baseline2","Baseline",2.371,"Petra Cort 09.06.21","DG-2_F","DG-2_F_4",NA,NA,10.4166666666667,0.783985227350338,0.10224654854363
"f",12,2,63,2020-11-05,10:44:00,"Baseline3","Baseline",1.815,"Petra Cort 11.05.21","DG-3_F","DG-3_F_4",54.428,"BS_OXT_06.05.21",10.7333333333333,1.08991713972289,1.18188500650758
"f",12,2,63,2020-11-05,11:18:00,"Separation","Separation",5.524,"Petra Cort 11.05.21","DG-3_F","DG-3_F_4",70.71,"BS_OXT_06.05.21",11.3,1.63737424607376,1.18188500650758
"f",12,2,63,2020-11-05,11:37:00,"Reunion","Reunion",4.491,"Petra Cort 11.05.21","DG-3_F","DG-3_F_4",150.405,"BS_OXT_06.05.21",11.6166666666667,1.94330615844631,1.18188500650758
"f",12,2,28,2020-10-01,09:03:00,"Weaning","Weaning",5.257,"Petra_Cort_12.04.21","DG-3_F","DG-3_F_4",279.449,"BS_OXT_16.12.20",9.05,-0.536352499731182,-1.51721113840229
"f",12,2,49,2020-10-22,10:58:00,"Baseline2","Baseline",2.978,"Petra Cort 14.06.21","DG-3_F","DG-3_F_4",NA,NA,10.9666666666667,1.31534065410266,0.10224654854363
"f",12,2,35,2020-10-08,09:41:00,"Play","Play",3.167,"Petra_Cort_12.04.21","DG-3_F","DG-3_F_4",211.257,"BS_OXT_16.12.20",9.68333333333333,0.0755113250139132,-0.977391909420317
"f",12,2,36,2020-10-09,09:43:00,"Baseline1","Baseline",3.546,"Petra_Cort_12.04.21","DG-3_F","DG-3_F_4",105.554,"BS_OXT_03.03.21",9.71666666666667,0.107714684211023,-0.900274876708607
"f",16,1,28,2021-01-14,08:51:00,"Weaning","Weaning",15.873,"Petra_Cort_16.04.21","DG-5_W","DG-5_W_4",NA,NA,8.85,-0.729572654913844,-1.51721113840229
"f",16,1,35,2021-01-21,08:41:00,"Play","Play",5.653,"Petra_Cort_16.04.21","DG-5_W","DG-5_W_4",173.454,"BS_OXT_30.03.21",8.68333333333333,-0.890589450899395,-0.977391909420317
"f",16,1,36,2021-01-22,08:39:00,"Baseline1","Baseline",7.003,"Petra_Cort_28.04.21","DG-5_W","DG-5_W_4",115.025,"BS_OXT_30.03.21",8.65,-0.922792810096505,-0.900274876708607
"f",16,1,47,2021-02-02,08:30:00,"Baseline2","Baseline",4.609,"Petra Cort 22.06.21","DG-5_W","DG-5_W_4",175.127,"BS_OXT_12.07.21",8.5,-1.0677079264835,-0.0519875168797908
"f",16,2,61,2021-02-16,10:00:00,"Baseline3","Baseline",1.202,"Petra Cort 31.05.21","DG-5_W","DG-5_W_4",110.613,"BS_OXT_19.05.21",10,0.381443237386461,1.02765094108416
"f",16,2,61,2021-02-16,10:25:00,"Separation","Separation",4.358,"Petra Cort 31.05.21","DG-5_W","DG-5_W_4",77.635,"BS_OXT_19.05.21",10.4166666666667,0.783985227350338,1.02765094108416
"f",16,2,61,2021-02-16,10:45:00,"Reunion","Reunion",5.108,"Petra Cort 31.05.21","DG-5_W","DG-5_W_4",90.079,"BS_OXT_19.05.21",10.75,1.10601881932144,1.02765094108416
"f",17,2,28,2021-01-14,09:08:00,"Weaning","Weaning",11.254,"Petra_Cort_16.04.21","DG-5_F","DG-5_F_4",176.012,"BS_OXT_30.03.21",9.13333333333333,-0.455844101738407,-1.51721113840229
"f",17,2,35,2021-01-21,09:36:00,"Play","Play",8.301,"Petra_Cort_28.04.21","DG-5_F","DG-5_F_4",263.587,"BS_OXT_30.03.21",9.6,-0.00499707297886308,-0.977391909420317
"f",17,2,36,2021-01-22,09:45:00,"Baseline1","Baseline",6.758,"Petra_Cort_16.04.21","DG-5_F","DG-5_F_4",115.281,"BS_OXT_13.04.21",9.75,0.139918043408134,-0.900274876708607
"f",17,2,47,2021-02-02,10:36:00,"Baseline2","Baseline",4.31,"Petra Cort 21.06.21","DG-5_F","DG-5_F_4",234.829,"BS_OXT_13.07.21",10.6,0.961103702934445,-0.0519875168797908
"f",17,2,61,2021-02-16,10:45:00,"Baseline3","Baseline",2.69,"Petra Cort 31.05.21","DG-5_F","DG-5_F_4",82.093,"BS_OXT_19.05.21",10.75,1.10601881932144,1.02765094108416
"f",17,2,61,2021-02-16,11:10:00,"Separation","Separation",6.774,"Petra Cort 31.05.21","DG-5_F","DG-5_F_4",46.118,"BS_OXT_19.05.21",11.1666666666667,1.50856080928532,1.02765094108416
"f",17,2,61,2021-02-16,11:28:00,"Reunion","Reunion",10.71,"Petra Cort 31.05.21","DG-5_F","DG-5_F_4",85.137,"BS_OXT_19.05.21",11.4666666666667,1.79839104205931,1.02765094108416
"m",2,1,28,2020-08-20,08:40:00,"Weaning","Weaning",17.104,"PM_Cort_19.02.21","DG-2_W","DG-2_W_5",NA,NA,8.66666666666667,-0.906691130497951,-1.51721113840229
"m",2,1,36,2020-08-28,08:36:00,"Baseline1","Baseline",8.67,"Petra_Cort_07.04.21","DG-2_W","DG-2_W_5",398.789,"BS_OXT_15.12.20",8.6,-0.971097848892171,-0.900274876708607
"m",2,1,47,2020-09-08,08:17:00,"Baseline2","Baseline",6.169,"Petra Cort 11.06.21","DG-2_W","DG-2_W_5",NA,NA,8.28333333333333,-1.27702976126472,-0.0519875168797908
"m",2,2,62,2020-09-23,10:07:00,"Baseline3","Baseline",6.957,"Petra_Cort_29.04.21","DG-2_W","DG-2_W_5",265.132,"BS_OXT_06.05.21",10.1166666666667,0.494154994576347,1.10476797379587
"m",2,2,62,2020-09-23,10:40:00,"Separation","Separation",10.009,"Petra_Cort_29.04.21","DG-2_W","DG-2_W_5",181.618,"BS_OXT_21.04.21",10.6666666666667,1.02551042132867,1.10476797379587
"m",2,2,62,2020-09-23,11:00:00,"Reunion","Reunion",8.409,"Petra_Cort_29.04.21","DG-2_W","DG-2_W_5",124.687,"BS_OXT_21.04.21",11,1.34754401329977,1.10476797379587
"f",5,2,62,2020-11-04,10:44:00,"Baseline3","Baseline",8.231,"Petra Cort 14.05.21","DG-3_W","DG-3_W_5",337.066,"BS_OXT_06.05.21",10.7333333333333,1.08991713972289,1.10476797379587
"f",5,2,62,2020-11-04,11:10:00,"Separation","Separation",5.988,"Petra Cort 14.05.21","DG-3_W","DG-3_W_5",73.712,"BS_OXT_06.05.21",11.1666666666667,1.50856080928532,1.10476797379587
"f",5,2,62,2020-11-04,11:29:00,"Reunion","Reunion",7.764,"Petra Cort 14.05.21","DG-3_W","DG-3_W_5",197.349,"BS_OXT_06.05.21",11.4833333333333,1.81449272165787,1.10476797379587
"f",5,1,28,2020-10-01,08:48:00,"Weaning","Weaning",20.887,"Petra_Cort_07.04.21","DG-3_W","DG-3_W_5",356.672,"BS_OXT_16.12.20",8.8,-0.777877693709509,-1.51721113840229
"f",5,1,50,2020-10-23,08:20:00,"Baseline2","Baseline",4.449,"Petra Cort 15.06.21","DG-3_W","DG-3_W_5",NA,NA,8.33333333333333,-1.22872472246905,0.179363581255341
"f",5,1,55,2020-10-28,09:48:00,"Baseline2","Baseline",13.015,"Petra Cort 15.06.21","DG-3_W","DG-3_W_5",NA,NA,9.8,0.1882230822038,0.564948744813893
"f",5,1,35,2020-10-08,08:41:00,"Play","Play",13.12,"Petra_Cort_07.04.21","DG-3_W","DG-3_W_5",174.949,"BS_OXT_16.12.20",8.68333333333333,-0.890589450899395,-0.977391909420317
"f",5,1,36,2020-10-09,08:53:00,"Baseline1","Baseline",12.44,"Petra_Cort_07.04.21","DG-3_W","DG-3_W_5",103.688,"BS_OXT_03.03.21",8.88333333333333,-0.697369295716734,-0.900274876708607
"f",6,2,28,2020-11-12,09:17:00,"Weaning","Weaning",20.148,"Petra_Cort_15.04.21","DG-4_F","DG-4_F_5",NA,NA,9.28333333333333,-0.31092898535141,-1.51721113840229
"f",6,2,35,2020-11-19,09:52:00,"Play","Play",6.525,"Petra_Cort_16.04.21","DG-4_F","DG-4_F_5",119.084,"BS_OXT_29.03.21",9.86666666666667,0.25262980059802,-0.977391909420317
"f",6,2,36,2020-11-20,09:55:00,"Baseline1","Baseline",15.116,"Petra_Cort_15.04.21","DG-4_F","DG-4_F_5",NA,NA,9.91666666666667,0.300934839393684,-0.900274876708607
"f",6,2,62,2020-12-16,10:48:00,"Baseline3","Baseline",6.339,"Petra Cort 27.05.21","DG-4_F","DG-4_F_5",45.599,"BS_OXT_18.05.21",10.8,1.15432385811711,1.10476797379587
"f",6,2,62,2020-12-16,11:14:00,"Separation","Separation",20.047,"Petra Cort 27.05.21","DG-4_F","DG-4_F_5",65.021,"BS_OXT_18.05.21",11.2333333333333,1.57296752767954,1.10476797379587
"f",6,2,62,2020-12-16,11:32:00,"Reunion","Reunion",10.239,"Petra Cort 27.05.21","DG-4_F","DG-4_F_5",50.735,"BS_OXT_18.05.21",11.5333333333333,1.86279776045353,1.10476797379587
"f",6,1,47,2020-12-01,08:28:00,"Baseline2","Baseline",7.988,"Petra Cort 16.06.21","DG-4_F","DG-4_F_5",NA,NA,8.46666666666667,-1.09991128568061,-0.0519875168797908
"f",6,1,48,2020-12-02,08:25:00,"Baseline2","Baseline",5.714,"Petra Cort 16.06.21","DG-4_F","DG-4_F_5",NA,NA,8.41666666666667,-1.14821632447628,0.0251295158319197
"f",6,1,49,2020-12-03,08:15:00,"Baseline2","Baseline",2.242,"Petra Cort 16.06.21","DG-4_F","DG-4_F_5",109.329,"BS_OXT_12.07.21",8.25,-1.30923312046183,0.10224654854363
"f",6,1,53,2020-12-07,09:08:00,"Baseline2","Baseline",2.125,"Petra Cort 16.06.21","DG-4_F","DG-4_F_5",169.025,"BS_OXT_12.07.21",9.13333333333333,-0.455844101738407,0.410714679390472
"f",9,1,28,2020-11-12,08:56:00,"Weaning","Weaning",22.933,"Petra_Cort_15.04.21","DG-4_W","DG-4_W_5",89.177,"BS_OXT_03.03.21",8.93333333333333,-0.649064256921068,-1.51721113840229
"f",9,1,35,2020-11-19,08:56:00,"Play","Play",9.295,"Petra_Cort_12.04.21","DG-4_W","DG-4_W_5",127.029,"BS_OXT_29.03.21",8.93333333333333,-0.649064256921068,-0.977391909420317
"f",9,1,36,2020-11-20,08:46:00,"Baseline1","Baseline",6.866,"Petra_Cort_15.04.21","DG-4_W","DG-4_W_5",138.047,"BS_OXT_29.03.21",8.76666666666667,-0.810081052906619,-0.900274876708607
"f",9,2,60,2020-12-14,11:58:00,"Baseline3","Baseline",7.653,"Petra Cort 27.05.21","DG-4_W","DG-4_W_5",241.024,"BS_OXT_10.05.21",11.9666666666667,2.28144143001597,0.950533908372446
"f",9,2,60,2020-12-14,12:23:00,"Separation","Separation",17.747,"Petra Cort 27.05.21","DG-4_W","DG-4_W_5",145.26,"BS_OXT_10.05.21",12.3833333333333,2.68398341997984,0.950533908372446
"f",9,2,60,2020-12-14,12:42:00,"Reunion","Reunion",11.512,"Petra Cort 31.05.21","DG-4_W","DG-4_W_5",179.407,"BS_OXT_10.05.21",12.7,2.98991533235239,0.950533908372446
"f",9,2,47,2020-12-01,10:45:00,"Baseline2","Baseline",3.451,"Petra Cort 16.06.21","DG-4_W","DG-4_W_5",NA,NA,10.75,1.10601881932144,-0.0519875168797908
"f",9,1,49,2020-12-03,08:10:00,"Baseline2","Baseline",4.17,"Petra Cort 16.06.21","DG-4_W","DG-4_W_5",116.426,"BS_OXT_12.07.21",8.16666666666667,-1.38974151845461,0.10224654854363
"f",9,1,50,2020-12-04,08:15:00,"Baseline2","Baseline",5.253,"Petra Cort 16.06.21","DG-4_W","DG-4_W_5",NA,NA,8.25,-1.30923312046183,0.179363581255341
"f",9,1,53,2020-12-07,09:05:00,"Baseline2","Baseline",8.29,"Petra Cort 12.07.21","DG-4_W","DG-4_W_5",323.532,"BS_OXT_12.07.21",9.08333333333333,-0.504149140534071,0.410714679390472
"m",11,2,35,2020-08-27,09:33:00,"Play","Play",2.598,"PM_Cort_19.02.21","DG-2_F","DG-2_F_5",145.999,"BS_OXT_15.12.20",9.55,-0.0533021117745275,-0.977391909420317
"m",11,2,36,2020-08-28,09:14:00,"Baseline1","Baseline",4.251,"Petra_Cort_12.04.21","DG-2_F","DG-2_F_5",171.321,"BS_OXT_15.12.20",9.23333333333333,-0.359234024147077,-0.900274876708607
"m",11,1,48,2020-09-09,08:40:00,"Baseline2","Baseline",2.954,"Petra Cort 09.06.21","DG-2_F","DG-2_F_5",NA,NA,8.66666666666667,-0.906691130497951,0.0251295158319197
"m",11,1,61,2020-09-22,10:04:00,"Baseline3","Baseline",2.322,"Petra_Cort_29.04.21","DG-2_F","DG-2_F_5",91.948,"BS_OXT_21.04.21",10.0666666666667,0.445849955780681,1.02765094108416
"m",11,1,61,2020-09-22,10:32:00,"Separation","Separation",9.674,"Petra_Cort_29.04.21","DG-2_F","DG-2_F_5",154.771,"BS_OXT_21.04.21",10.5333333333333,0.896696984540225,1.02765094108416
"m",11,1,61,2020-09-22,10:52:00,"Reunion","Reunion",7.9,"Petra_Cort_29.04.21","DG-2_F","DG-2_F_5",78.24,"BS_OXT_21.04.21",10.8666666666667,1.21873057651133,1.02765094108416
"m",11,2,49,2020-10-09,10:29:00,"Baseline2","Baseline",3.723,"Petra Cort 11.06.21","DG-2_F","DG-2_F_5",NA,NA,10.4833333333333,0.848391945744559,0.10224654854363
"f",12,2,61,2020-11-03,10:55:00,"Baseline3","Baseline",8.193,"Petra Cort 11.05.21","DG-3_F","DG-3_F_5",281.463,"BS_OXT_06.05.21",10.9166666666667,1.26703561530699,1.02765094108416
"f",12,2,61,2020-11-03,11:18:00,"Separation","Separation",15.388,"Petra Cort 11.05.21","DG-3_F","DG-3_F_5",98.837,"BS_OXT_06.05.21",11.3,1.63737424607376,1.02765094108416
"f",12,2,61,2020-11-03,11:35:00,"Reunion","Reunion",9.695,"Petra Cort 11.05.21","DG-3_F","DG-3_F_5",190.965,"BS_OXT_06.05.21",11.5833333333333,1.9111027992492,1.02765094108416
"f",12,2,28,2020-10-01,09:18:00,"Weaning","Weaning",11.06,"Petra_Cort_12.04.21","DG-3_F","DG-3_F_5",324.35,"BS_OXT_16.12.20",9.3,-0.294827305752855,-1.51721113840229
"f",12,2,47,2020-10-20,11:15:00,"Baseline2","Baseline",4.308,"Petra Cort 14.06.21","DG-3_F","DG-3_F_5",NA,NA,11.25,1.5890692072781,-0.0519875168797908
"f",12,2,35,2020-10-08,09:50:00,"Play","Play",3.331,"Petra_Cort_12.04.21","DG-3_F","DG-3_F_5",92.531,"BS_OXT_03.03.21",9.83333333333333,0.22042644140091,-0.977391909420317
"f",16,1,28,2021-01-14,08:39:00,"Weaning","Weaning",33.049,"Petra_Cort_16.04.21","DG-5_W","DG-5_W_5",NA,NA,8.65,-0.922792810096505,-1.51721113840229
"f",16,1,35,2021-01-21,08:39:00,"Play","Play",11.204,"Petra_Cort_28.04.21","DG-5_W","DG-5_W_5",210.096,"BS_OXT_30.03.21",8.65,-0.922792810096505,-0.977391909420317
"f",16,1,36,2021-01-22,08:49:00,"Baseline1","Baseline",11.309,"Petra_Cort_16.04.21","DG-5_W","DG-5_W_5",82.096,"BS_OXT_13.04.21",8.81666666666667,-0.761776014110954,-0.900274876708607
"f",16,2,50,2021-02-05,11:08:00,"Baseline2","Baseline",2.006,"Petra Cort 22.06.21","DG-5_W","DG-5_W_5",NA,NA,11.1333333333333,1.47635745008821,0.179363581255341
"f",16,2,64,2021-02-19,10:49:00,"Baseline3","Baseline",5.551,"Petra.Cort.01.06.21","DG-5_W","DG-5_W_5",33.743,"BS_OXT_25.05.21",10.8166666666667,1.17042553771566,1.25900203921929
"f",16,2,64,2021-02-19,11:15:00,"Separation","Separation",5.031,"Petra Cort 03.06.21","DG-5_W","DG-5_W_5",52.621,"BS_OXT_25.05.21",11.25,1.5890692072781,1.25900203921929
"f",16,2,64,2021-02-19,11:34:00,"Reunion","Reunion",3.734,"Petra Cort 03.06.21","DG-5_W","DG-5_W_5",61.09,"BS_OXT_25.05.21",11.5666666666667,1.89500111965064,1.25900203921929
"f",17,2,28,2021-01-14,09:11:00,"Weaning","Weaning",34.804,"Petra_Cort_16.04.21","DG-5_F","DG-5_F_5",NA,NA,9.18333333333333,-0.407539062942741,-1.51721113840229
"f",17,2,36,2021-01-22,09:35:00,"Baseline1","Baseline",7.501,"Petra_Cort_16.04.21","DG-5_F","DG-5_F_5",117.924,"BS_OXT_13.04.21",9.58333333333333,-0.0210987525774173,-0.900274876708607
"f",17,2,49,2021-02-04,10:25:00,"Baseline2","Baseline",6.744,"Petra Cort 21.06.21","DG-5_F","DG-5_F_5",179.537,"BS_OXT_13.07.21",10.4166666666667,0.783985227350338,0.10224654854363
"f",17,2,63,2021-02-18,10:44:00,"Baseline3","Baseline",5.144,"Petra.Cort.01.06.21","DG-5_F","DG-5_F_5",49.033,"BS_OXT_25.05.21",10.7333333333333,1.08991713972289,1.18188500650758
"f",17,2,63,2021-02-18,11:09:00,"Separation","Separation",13.85,"Petra.Cort.01.06.21","DG-5_F","DG-5_F_5",46.367,"BS_OXT_25.05.21",11.15,1.49245912968677,1.18188500650758
"f",17,2,63,2021-02-18,11:27:00,"Reunion","Reunion",7.708,"Petra.Cort.01.06.21","DG-5_F","DG-5_F_5",70.102,"BS_OXT_25.05.21",11.45,1.78228936246076,1.18188500650758
"f",2,1,28,2020-08-20,08:36:00,"Weaning","Weaning",14.156,"PM_Cort_19.02.21","DG-2_W","DG-2_W_6",116.525,"BS_OXT_08.12.20",8.6,-0.971097848892171,-1.51721113840229
"f",2,1,35,2020-08-27,08:48:00,"Play","Play",10.46,"PM_Cort_19.02.21","DG-2_W","DG-2_W_6",194.667,"BS_OXT_15.12.20",8.8,-0.777877693709509,-0.977391909420317
"m",4,2,64,2020-11-06,10:45:00,"Baseline3","Baseline",1.069,"Petra Cort 14.05.21","DG-3_W","DG-3_W_6",63.96,"BS_OXT_10.05.21",10.75,1.10601881932144,1.25900203921929
"m",4,2,64,2020-11-06,11:15:00,"Separation","Separation",4.329,"Petra Cort 14.05.21","DG-3_W","DG-3_W_6",66.028,"BS_OXT_10.05.21",11.25,1.5890692072781,1.25900203921929
"m",4,2,64,2020-11-06,11:30:00,"Reunion","Reunion",2.418,"Petra Cort 14.05.21","DG-3_W","DG-3_W_6",117.605,"BS_OXT_10.05.21",11.5,1.83059440125642,1.25900203921929
"m",4,1,28,2020-10-01,08:38:00,"Weaning","Weaning",6.377,"Petra_Cort_07.04.21","DG-3_W","DG-3_W_6",153.453,"BS_OXT_16.12.20",8.63333333333333,-0.938894489695061,-1.51721113840229
"m",4,1,48,2020-10-21,08:20:00,"Baseline2","Baseline",1.773,"Petra Cort 15.06.21","DG-3_W","DG-3_W_6",37.036,"BS_OXT_13.07.21",8.33333333333333,-1.22872472246905,0.0251295158319197
"m",4,2,50,2020-10-23,10:40:00,"Baseline2","Baseline",2.569,"Petra Cort 15.06.21","DG-3_W","DG-3_W_6",NA,NA,10.6666666666667,1.02551042132867,0.179363581255341
"m",4,1,35,2020-10-08,08:40:00,"Play","Play",12.801,"Petra_Cort_07.04.21","DG-3_W","DG-3_W_6",221.978,"BS_OXT_16.12.20",8.66666666666667,-0.906691130497951,-0.977391909420317
"m",4,1,36,2020-10-09,08:38:00,"Baseline1","Baseline",3.074,"Petra_Cort_12.04.21","DG-3_W","DG-3_W_6",110.579,"BS_OXT_03.03.21",8.63333333333333,-0.938894489695061,-0.900274876708607
"m",8,2,28,2020-11-12,09:13:00,"Weaning","Weaning",31.382,"Petra_Cort_15.04.21","DG-4_F","DG-4_F_6",67.421,"BS_OXT_29.03.21",9.21666666666667,-0.375335703745631,-1.51721113840229
"m",8,2,35,2020-11-19,10:05:00,"Play","Play",5.049,"Petra_Cort_15.04.21","DG-4_F","DG-4_F_6",220.107,"BS_OXT_29.03.21",10.0833333333333,0.461951635379237,-0.977391909420317
"m",8,2,36,2020-11-20,09:53:00,"Baseline1","Baseline",9.775,"Petra_Cort_15.04.21","DG-4_F","DG-4_F_6",207.979,"BS_OXT_29.03.21",9.88333333333333,0.268731480196574,-0.900274876708607
"m",8,2,61,2020-12-15,09:47:00,"Baseline3","Baseline",6.944,"Petra Cort 27.05.21","DG-4_F","DG-4_F_6",153.733,"BS_OXT_10.05.21",9.78333333333333,0.172121402605244,1.02765094108416
"m",8,2,61,2020-12-15,10:15:00,"Separation","Separation",15.49,"Petra Cort 27.05.21","DG-4_F","DG-4_F_6",45.581,"BS_OXT_10.05.21",10.25,0.622968431364788,1.02765094108416
"m",8,2,61,2020-12-15,10:38:00,"Reunion","Reunion",11.412,"Petra Cort 27.05.21","DG-4_F","DG-4_F_6",86.301,"BS_OXT_10.05.21",10.6333333333333,0.993307062131555,1.02765094108416
"m",8,1,47,2020-12-01,08:30:00,"Baseline2","Baseline",12.015,"Petra Cort 15.06.21","DG-4_F","DG-4_F_6",NA,NA,8.5,-1.0677079264835,-0.0519875168797908
"f",11,2,28,2020-08-20,09:03:00,"Weaning","Weaning",9.242,"Petra_Cort_12.04.21","DG-2_F","DG-2_F_6",93.766,"BS_OXT_08.12.20",9.05,-0.536352499731182,-1.51721113840229
"f",11,2,36,2020-08-28,09:11:00,"Baseline1","Baseline",6.499,"Petra_Cort_12.04.21","DG-2_F","DG-2_F_6",230.081,"BS_OXT_15.12.20",9.18333333333333,-0.407539062942741,-0.900274876708607
"f",11,1,46,2020-09-07,08:40:00,"Baseline2","Baseline",2.902,"Petra Cort 03.06.21","DG-2_F","DG-2_F_6",123.89,"BS_OXT_13.04.21",8.66666666666667,-0.906691130497951,-0.129104549591501
"f",11,2,47,2020-09-08,11:12:00,"Baseline2","Baseline",7.071,"Petra Cort 03.06.21","DG-2_F","DG-2_F_6",NA,NA,11.2,1.54076416848243,-0.0519875168797908
"f",11,2,60,2020-09-21,10:32:00,"Baseline3","Baseline",5.805,"Petra_Cort_29.04.21","DG-2_F","DG-2_F_6",156.606,"BS_OXT_21.04.21",10.5333333333333,0.896696984540225,0.950533908372446
"f",11,2,60,2020-09-21,10:58:00,"Separation","Separation",33.204,"Petra_Cort_29.04.21","DG-2_F","DG-2_F_6",241.431,"BS_OXT_21.04.21",10.9666666666667,1.31534065410266,0.950533908372446
"f",11,2,60,2020-09-21,11:20:00,"Reunion","Reunion",15.386,"Petra_Cort_29.04.21","DG-2_F","DG-2_F_6",243.813,"BS_OXT_21.04.21",11.3333333333333,1.66957760527087,0.950533908372446
"m",11,1,28,2021-01-14,08:58:00,"Weaning","Weaning",17.796,"Petra_Cort_16.04.21","DG-5_W","DG-5_W_6",NA,NA,8.96666666666667,-0.616860897723958,-1.51721113840229
"m",11,1,35,2021-01-21,08:39:00,"Play","Play",10.883,"Petra_Cort_28.04.21","DG-5_W","DG-5_W_6",145.373,"BS_OXT_29.03.21",8.65,-0.922792810096505,-0.977391909420317
"m",11,1,36,2021-01-22,08:49:00,"Baseline1","Baseline",5.167,"Petra_Cort_16.04.21","DG-5_W","DG-5_W_6",102.225,"BS_OXT_13.04.21",8.81666666666667,-0.761776014110954,-0.900274876708607
"m",11,1,47,2021-02-02,08:30:00,"Baseline2","Baseline",5.351,"Petra Cort 22.06.21","DG-5_W","DG-5_W_6",NA,NA,8.5,-1.0677079264835,-0.0519875168797908
"m",11,1,49,2021-02-04,08:28:00,"Baseline2","Baseline",1.659,"Petra Cort 12.07.21","DG-5_W","DG-5_W_6",134.882,"BS_OXT_12.07.21",8.46666666666667,-1.09991128568061,0.10224654854363
"m",11,1,53,2021-02-08,08:10:00,"Baseline2","Baseline",3.098,"Petra Cort 22.06.21","DG-5_W","DG-5_W_6",NA,NA,8.16666666666667,-1.38974151845461,0.410714679390472
"m",11,1,61,2021-02-16,08:30:00,"Baseline3","Baseline",4.483,"Petra Cort 31.05.21","DG-5_W","DG-5_W_6",99.86,"BS_OXT_19.05.21",8.5,-1.0677079264835,1.02765094108416
"m",11,1,61,2021-02-16,08:55:00,"Separation","Separation",8.001,"Petra Cort 31.05.21","DG-5_W","DG-5_W_6",49.761,"BS_OXT_19.05.21",8.91666666666667,-0.665165936519624,1.02765094108416
"m",11,1,61,2021-02-16,09:17:00,"Reunion","Reunion",8.202,"Petra Cort 31.05.21","DG-5_W","DG-5_W_6",70.242,"BS_OXT_19.05.21",9.28333333333333,-0.31092898535141,1.02765094108416
"m",13,1,28,2020-11-12,08:48:00,"Weaning","Weaning",22.073,"Petra_Cort_12.04.21","DG-4_W","DG-4_W_6",NA,NA,8.8,-0.777877693709509,-1.51721113840229
"m",13,1,35,2020-11-19,08:55:00,"Play","Play",11.732,"Petra_Cort_12.04.21","DG-4_W","DG-4_W_6",NA,NA,8.91666666666667,-0.665165936519624,-0.977391909420317
"m",13,1,36,2020-11-20,08:40:00,"Baseline1","Baseline",9.971,"Petra_Cort_12.04.21","DG-4_W","DG-4_W_6",NA,NA,8.66666666666667,-0.906691130497951,-0.900274876708607
"m",13,1,46,2020-11-30,09:36:00,"Baseline2","Baseline",4.726,"Petra Cort 16.06.21","DG-4_W","DG-4_W_6",118.121,"BS_OXT_12.07.21",9.6,-0.00499707297886308,-0.129104549591501
"m",13,2,60,2020-12-14,10:21:00,"Baseline3","Baseline",6.078,"Petra Cort 31.05.21","DG-4_W","DG-4_W_6",209.754,"BS_OXT_10.05.21",10.35,0.719578508956118,0.950533908372446
"m",13,2,60,2020-12-14,10:45:00,"Separation","Separation",13.374,"Petra Cort 03.06.21","DG-4_W","DG-4_W_6",95.618,"BS_OXT_10.05.21",10.75,1.10601881932144,0.950533908372446
"m",13,2,60,2020-12-14,11:10:00,"Reunion","Reunion",5.611,"Petra Cort 31.05.21","DG-4_W","DG-4_W_6",102.706,"BS_OXT_10.05.21",11.1666666666667,1.50856080928532,0.950533908372446
"m",14,2,61,2020-11-03,09:10:00,"Baseline3","Baseline",8.228,"Petra Cort 11.05.21","DG-3_F","DG-3_F_6",NA,NA,9.16666666666667,-0.423640742541297,1.02765094108416
"m",14,2,61,2020-11-03,09:35:00,"Separation","Separation",16.939,"Petra Cort 11.05.21","DG-3_F","DG-3_F_6",NA,NA,9.58333333333333,-0.0210987525774173,1.02765094108416
"m",14,2,61,2020-11-03,10:05:00,"Reunion","Reunion",8.039,"Petra Cort 11.05.21","DG-3_F","DG-3_F_6",NA,NA,10.0833333333333,0.461951635379237,1.02765094108416
"m",14,2,47,2020-10-20,11:15:00,"Baseline2","Baseline",4.137,"Petra Cort 14.06.21","DG-3_F","DG-3_F_6",NA,NA,11.25,1.5890692072781,-0.0519875168797908
"m",14,1,50,2020-10-23,08:25:00,"Baseline2","Baseline",4.646,"Petra Cort 14.06.21","DG-3_F","DG-3_F_6",NA,NA,8.41666666666667,-1.14821632447628,0.179363581255341
"m",14,2,35,2020-10-08,09:56:00,"Play","Play",5.205,"Petra_Cort_12.04.21","DG-3_F","DG-3_F_6",70.114,"BS_OXT_03.03.21",9.93333333333333,0.31703651899224,-0.977391909420317
"m",14,2,36,2020-10-09,09:39:00,"Baseline1","Baseline",7.852,"Petra_Cort_12.04.21","DG-3_F","DG-3_F_6",189.067,"BS_OXT_03.03.21",9.65,0.043307965816803,-0.900274876708607
"m",15,2,28,2021-01-14,09:14:00,"Weaning","Weaning",14.842,"Petra_Cort_16.04.21","DG-5_F","DG-5_F_6",NA,NA,9.23333333333333,-0.359234024147077,-1.51721113840229
"m",15,2,35,2021-01-21,09:38:00,"Play","Play",4.565,"Petra_Cort_16.04.21","DG-5_F","DG-5_F_6",136.234,"BS_OXT_30.03.21",9.63333333333333,0.0272062862182471,-0.977391909420317
"m",15,2,36,2021-01-22,09:38:00,"Baseline1","Baseline",6.618,"Petra_Cort_16.04.21","DG-5_F","DG-5_F_6",118.12,"BS_OXT_13.04.21",9.63333333333333,0.0272062862182471,-0.900274876708607
"m",15,1,50,2021-02-05,08:30:00,"Baseline2","Baseline",6.592,"Petra Cort 21.06.21","DG-5_F","DG-5_F_6",146.834,"BS_OXT_13.07.21",8.5,-1.0677079264835,0.179363581255341
"m",15,2,64,2021-02-19,10:00:00,"Baseline3","Baseline",6.612,"Petra.Cort.01.06.21","DG-5_F","DG-5_F_6",258.624,"BS_OXT_25.05.21",10,0.381443237386461,1.25900203921929
"m",15,2,64,2021-02-19,10:29:00,"Separation","Separation",14.486,"Petra.Cort.01.06.21","DG-5_F","DG-5_F_6",133.101,"BS_OXT_25.05.21",10.4833333333333,0.848391945744559,1.25900203921929
"m",15,2,64,2021-02-19,10:49:00,"Reunion","Reunion",9.44,"Petra.Cort.01.06.21","DG-5_F","DG-5_F_6",182.236,"BS_OXT_25.05.21",10.8166666666667,1.17042553771566,1.25900203921929
"m",1,1,35,2020-08-27,08:46:00,"Play","Play",16.427,"PM_Cort_19.02.21","DG-2_W","DG-2_W_7",547.247,"BS_OXT_15.12.20",8.76666666666667,-0.810081052906619,-0.977391909420317
"m",1,1,36,2020-08-28,08:46:00,"Baseline1","Baseline",5.776,"Petra_Cort_12.04.21","DG-2_W","DG-2_W_7",387.32,"BS_OXT_15.12.20",8.76666666666667,-0.810081052906619,-0.900274876708607
"m",3,2,28,2020-08-20,09:25:00,"Weaning","Weaning",14.889,"PM_Cort_19.02.21","DG-2_F","DG-2_F_7",NA,NA,9.41666666666667,-0.18211554856297,-1.51721113840229
"m",3,2,35,2020-08-27,09:53:00,"Play","Play",5.52,"PM_Cort_19.02.21","DG-2_F","DG-2_F_7",280.37,"BS_OXT_15.12.20",9.88333333333333,0.268731480196574,-0.977391909420317
"m",3,2,36,2020-08-28,09:13:00,"Baseline1","Baseline",6.956,"Petra_Cort_07.04.21","DG-2_F","DG-2_F_7",292.751,"BS_OXT_15.12.20",9.21666666666667,-0.375335703745631,-0.900274876708607
"m",3,2,47,2020-09-08,11:13:00,"Baseline2","Baseline",6.781,"Petra Cort 09.06.21","DG-2_F","DG-2_F_7",NA,NA,11.2166666666667,1.55686584808099,-0.0519875168797908
"m",3,2,62,2020-09-23,11:03:00,"Baseline3","Baseline",1.397,"Petra_Cort_29.04.21","DG-2_F","DG-2_F_7",33.1,"BS_OXT_22.04.21",11.05,1.39584905209543,1.10476797379587
"m",3,2,62,2020-09-23,11:30:00,"Separation","Separation",9.479,"Petra_Cort_29.04.21","DG-2_F","DG-2_F_7",251.741,"BS_OXT_22.04.21",11.5,1.83059440125642,1.10476797379587
"m",3,2,62,2020-09-23,11:51:00,"Reunion","Reunion",10.057,"Petra_Cort_29.04.21","DG-2_F","DG-2_F_7",192.127,"BS_OXT_22.04.21",11.85,2.16872967282608,1.10476797379587
"m",4,2,60,2020-11-02,10:48:00,"Baseline3","Baseline",6.454,"Petra Cort 14.05.21","DG-3_W","DG-3_W_7",276.574,"BS_OXT_06.05.21",10.8,1.15432385811711,0.950533908372446
"m",4,2,60,2020-11-02,11:10:00,"Separation","Separation",11.82,"Petra Cort 14.05.21","DG-3_W","DG-3_W_7",227.717,"BS_OXT_06.05.21",11.1666666666667,1.50856080928532,0.950533908372446
"m",4,2,60,2020-11-02,11:31:00,"Reunion","Reunion",10.969,"Petra Cort 14.05.21","DG-3_W","DG-3_W_7",543.546,"BS_OXT_06.05.21",11.5166666666667,1.84669608085498,0.950533908372446
"m",4,2,46,2020-10-19,11:40:00,"Baseline2","Baseline",5.253,"Petra Cort 11.06.21","DG-3_W","DG-3_W_7",NA,NA,11.6666666666667,1.99161119724197,-0.129104549591501
"m",4,1,49,2020-10-22,08:20:00,"Baseline2","Baseline",6.459,"Petra Cort 15.06.21","DG-3_W","DG-3_W_7",NA,NA,8.33333333333333,-1.22872472246905,0.10224654854363
"m",4,1,50,2020-10-23,08:20:00,"Baseline2","Baseline",2.433,"Petra Cort 15.06.21","DG-3_W","DG-3_W_7",183.845,"BS_OXT_13.07.21",8.33333333333333,-1.22872472246905,0.179363581255341
"m",8,2,28,2020-11-12,09:16:00,"Weaning","Weaning",12.968,"Petra_Cort_15.04.21","DG-4_F","DG-4_F_7",106.168,"BS_OXT_29.03.21",9.26666666666667,-0.327030664949965,-1.51721113840229
"m",8,2,35,2020-11-19,09:57:00,"Play","Play",12.804,"Petra_Cort_15.04.21","DG-4_F","DG-4_F_7",342.717,"BS_OXT_29.03.21",9.95,0.333138198590794,-0.977391909420317
"m",8,2,61,2020-12-15,11:26:00,"Baseline3","Baseline",5.105,"Petra Cort 27.05.21","DG-4_F","DG-4_F_7",47.802,"BS_OXT_10.05.21",11.4333333333333,1.7661876828622,1.02765094108416
"m",8,2,61,2020-12-15,11:56:00,"Separation","Separation",12.021,"Petra Cort 27.05.21","DG-4_F","DG-4_F_7",65.836,"BS_OXT_10.05.21",11.9333333333333,2.24923807081886,1.02765094108416
"m",8,2,61,2020-12-15,12:11:00,"Reunion","Reunion",6.792,"Petra Cort 27.05.21","DG-4_F","DG-4_F_7",40.129,"BS_OXT_18.05.21",12.1833333333333,2.49076326479718,1.02765094108416
"m",8,2,48,2020-12-02,11:43:00,"Baseline2","Baseline",4.208,"Petra Cort 15.06.21","DG-4_F","DG-4_F_7",NA,NA,11.7166666666667,2.03991623603764,0.0251295158319197
"m",8,1,50,2020-12-04,08:20:00,"Baseline2","Baseline",6.47,"Petra Cort 16.06.21","DG-4_F","DG-4_F_7",NA,NA,8.33333333333333,-1.22872472246905,0.179363581255341
"m",8,1,53,2020-12-07,09:10:00,"Baseline2","Baseline",4.597,"Petra Cort 16.06.21","DG-4_F","DG-4_F_7",178.813,"BS_OXT_12.07.21",9.16666666666667,-0.423640742541297,0.410714679390472
"m",11,1,35,2021-01-21,08:48:00,"Play","Play",9.112,"Petra_Cort_28.04.21","DG-5_W","DG-5_W_7",196.198,"BS_OXT_30.03.21",8.8,-0.777877693709509,-0.977391909420317
"m",11,1,36,2021-01-22,08:43:00,"Baseline1","Baseline",8.493,"Petra_Cort_28.04.21","DG-5_W","DG-5_W_7",143.59,"BS_OXT_30.03.21",8.71666666666667,-0.858386091702285,-0.900274876708607
"m",11,2,48,2021-02-03,11:42:00,"Baseline2","Baseline",5.812,"Petra Cort 22.06.21","DG-5_W","DG-5_W_7",NA,NA,11.7,2.02381455643908,0.0251295158319197
"m",11,1,50,2021-02-05,08:25:00,"Baseline2","Baseline",3.849,"Petra Cort 22.06.21","DG-5_W","DG-5_W_7",105.647,"BS_OXT_12.07.21",8.41666666666667,-1.14821632447628,0.179363581255341
"m",11,1,53,2021-02-08,08:10:00,"Baseline2","Baseline",7.946,"Petra Cort 22.06.21","DG-5_W","DG-5_W_7",NA,NA,8.16666666666667,-1.38974151845461,0.410714679390472
"m",11,2,62,2021-02-17,09:12:00,"Baseline3","Baseline",6.727,"Petra.Cort.01.06.21","DG-5_W","DG-5_W_7",117.929,"BS_OXT_25.05.21",9.2,-0.391437383344187,1.10476797379587
"m",11,2,62,2021-02-17,09:38:00,"Separation","Separation",13.116,"Petra.Cort.01.06.21","DG-5_W","DG-5_W_7",51.796,"BS_OXT_25.05.21",9.63333333333333,0.0272062862182471,1.10476797379587
"m",11,2,62,2021-02-17,09:57:00,"Reunion","Reunion",8.746,"Petra.Cort.01.06.21","DG-5_W","DG-5_W_7",54.54,"BS_OXT_25.05.21",9.95,0.333138198590794,1.10476797379587
"m",13,1,35,2020-11-19,08:34:00,"Play","Play",9.473,"Petra_Cort_12.04.21","DG-4_W","DG-4_W_7",111.072,"BS_OXT_29.03.21",8.56666666666667,-1.00330120808928,-0.977391909420317
"m",13,2,62,2020-12-16,10:03:00,"Baseline3","Baseline",4.21,"Petra Cort 31.05.21","DG-4_W","DG-4_W_7",58.987,"BS_OXT_18.05.21",10.05,0.429748276182127,1.10476797379587
"m",13,2,62,2020-12-16,10:29:00,"Separation","Separation",8.197,"Petra Cort 31.05.21","DG-4_W","DG-4_W_7",23.533,"BS_OXT_18.05.21",10.4833333333333,0.848391945744559,1.10476797379587
"m",13,2,62,2020-12-16,10:48:00,"Reunion","Reunion",6.229,"Petra Cort 31.05.21","DG-4_W","DG-4_W_7",44.7,"BS_OXT_18.05.21",10.8,1.15432385811711,1.10476797379587
"m",13,2,49,2020-12-03,10:50:00,"Baseline2","Baseline",4.731,"Petra Cort 16.06.21","DG-4_W","DG-4_W_7",NA,NA,10.8333333333333,1.18652721731422,0.10224654854363
"m",14,1,62,2020-11-04,08:25:00,"Baseline3","Baseline",5.597,"Petra Cort 11.05.21","DG-3_F","DG-3_F_7",209.95,"BS_OXT_06.05.21",8.41666666666667,-1.14821632447628,1.10476797379587
"m",14,1,62,2020-11-04,08:54:00,"Separation","Separation",8.914,"Petra Cort 11.05.21","DG-3_F","DG-3_F_7",138.988,"BS_OXT_06.05.21",8.9,-0.681267616118178,1.10476797379587
"m",14,1,62,2020-11-04,09:12:00,"Reunion","Reunion",10.805,"Petra Cort 11.05.21","DG-3_F","DG-3_F_7",165.107,"BS_OXT_06.05.21",9.2,-0.391437383344187,1.10476797379587
"m",14,2,28,2020-10-01,09:04:00,"Weaning","Weaning",11.512,"Petra_Cort_07.04.21","DG-3_F","DG-3_F_7",NA,NA,9.06666666666667,-0.520250820132627,-1.51721113840229
"m",14,1,48,2020-10-21,08:25:00,"Baseline2","Baseline",1.465,"Petra Cort 14.06.21","DG-3_F","DG-3_F_7",254.005,"BS_OXT_13.07.21",8.41666666666667,-1.14821632447628,0.0251295158319197
"m",14,1,50,2020-10-23,08:25:00,"Baseline2","Baseline",4.182,"Petra Cort 14.06.21","DG-3_F","DG-3_F_7",NA,NA,8.41666666666667,-1.14821632447628,0.179363581255341
"m",14,2,36,2020-10-09,09:48:00,"Baseline1","Baseline",8.14,"Petra_Cort_28.04.21","DG-3_F","DG-3_F_7",245.399,"BS_OXT_03.03.21",9.8,0.1882230822038,-0.900274876708607
"m",15,2,28,2021-01-14,09:25:00,"Weaning","Weaning",20.457,"Petra_Cort_16.04.21","DG-5_F","DG-5_F_7",135.179,"BS_OXT_30.03.21",9.41666666666667,-0.18211554856297,-1.51721113840229
"m",15,2,35,2021-01-21,09:43:00,"Play","Play",8.898,"Petra_Cort_16.04.21","DG-5_F","DG-5_F_7",112.457,"BS_OXT_30.03.21",9.71666666666667,0.107714684211023,-0.977391909420317
"m",15,2,36,2021-01-22,09:47:00,"Baseline1","Baseline",11.88,"Petra_Cort_16.04.21","DG-5_F","DG-5_F_7",286.569,"BS_OXT_13.04.21",9.78333333333333,0.172121402605244,-0.900274876708607
"m",15,1,47,2021-02-02,08:40:00,"Baseline2","Baseline",6.742,"Petra Cort 21.06.21","DG-5_F","DG-5_F_7",NA,NA,8.66666666666667,-0.906691130497951,-0.0519875168797908
"m",15,1,50,2021-02-05,08:30:00,"Baseline2","Baseline",7.096,"Petra Cort 21.06.21","DG-5_F","DG-5_F_7",NA,NA,8.5,-1.0677079264835,0.179363581255341
"m",15,1,64,2021-02-19,08:27:00,"Baseline3","Baseline",15.49,"Petra.Cort.01.06.21","DG-5_F","DG-5_F_7",231.851,"BS_OXT_25.05.21",8.45,-1.11601296527917,1.25900203921929
"m",15,1,64,2021-02-19,08:56:00,"Separation","Separation",12.699,"Petra.Cort.01.06.21","DG-5_F","DG-5_F_7",120.814,"BS_OXT_25.05.21",8.93333333333333,-0.649064256921068,1.25900203921929
"m",15,1,64,2021-02-19,09:15:00,"Reunion","Reunion",9.732,"Petra Cort 03.06.21","DG-5_F","DG-5_F_7",174.662,"BS_OXT_25.05.21",9.25,-0.343132344548521,1.25900203921929
"f",1,1,28,2020-08-20,08:35:00,"Weaning","Weaning",8.923,"PM_Cort_19.02.21","DG-2_W","DG-2_W_8",137.61,"BS_OXT_08.12.20",8.58333333333333,-0.987199528490726,-1.51721113840229
"f",1,1,35,2020-08-27,08:41:00,"Play","Play",10.644,"PM_Cort_19.02.21","DG-2_W","DG-2_W_8",273.872,"BS_OXT_15.12.20",8.68333333333333,-0.890589450899395,-0.977391909420317
"f",1,1,36,2020-08-28,08:43:00,"Baseline1","Baseline",7.433,"Petra_Cort_07.04.21","DG-2_W","DG-2_W_8",372.522,"BS_OXT_15.12.20",8.71666666666667,-0.858386091702285,-0.900274876708607
"f",1,1,47,2020-09-08,08:16:00,"Baseline2","Baseline",4.242,"Petra Cort 11.06.21","DG-2_W","DG-2_W_8",382.705,"BS_OXT_12.07.21",8.26666666666667,-1.29313144086327,-0.0519875168797908
"f",1,2,48,2020-09-09,11:00:00,"Baseline2","Baseline",3.401,"Petra Cort 11.06.21","DG-2_W","DG-2_W_8",284.45,"BS_OXT_21.04.21",11,1.34754401329977,0.0251295158319197
"f",1,2,63,2020-09-24,10:58:00,"Baseline3","Baseline",2.226,"Petra Cort 14.05.21","DG-2_W","DG-2_W_8",157.18,"BS_OXT_22.04.21",10.9666666666667,1.31534065410266,1.18188500650758
"f",1,2,63,2020-09-24,11:24:00,"Separation","Separation",2.798,"Petra Cort 14.05.21","DG-2_W","DG-2_W_8",160.538,"BS_OXT_22.04.21",11.4,1.73398432366509,1.18188500650758
"f",1,2,63,2020-09-24,11:45:00,"Reunion","Reunion",8.73,"Petra Cort 14.05.21","DG-2_W","DG-2_W_8",207.392,"BS_OXT_22.04.21",11.75,2.07211959523475,1.18188500650758
"f",1,1,49,2020-10-09,08:27:00,"Baseline2","Baseline",6.877,"Petra Cort 11.06.21","DG-2_W","DG-2_W_8",NA,NA,8.45,-1.11601296527917,0.10224654854363
"m",3,2,36,2020-08-28,09:17:00,"Baseline1","Baseline",5.144,"Petra_Cort_07.04.21","DG-2_F","DG-2_F_8",483.272,"BS_OXT_15.12.20",9.28333333333333,-0.31092898535141,-0.900274876708607
"m",3,2,61,2020-09-22,11:41:00,"Baseline3","Baseline",6.042,"Petra_Cort_29.04.21","DG-2_F","DG-2_F_8",204.688,"BS_OXT_22.04.21",11.6833333333333,2.00771287684053,1.02765094108416
"m",3,2,61,2020-09-22,12:08:00,"Separation","Separation",9.066,"Petra_Cort_29.04.21","DG-2_F","DG-2_F_8",245.484,"BS_OXT_22.04.21",12.1333333333333,2.44245822600152,1.02765094108416
"m",3,2,61,2020-09-22,12:27:00,"Reunion","Reunion",9.082,"Petra_Cort_29.04.21","DG-2_F","DG-2_F_8",244.338,"BS_OXT_22.04.21",12.45,2.74839013837407,1.02765094108416
"m",3,2,49,2020-10-09,10:26:00,"Baseline2","Baseline",5.382,"Petra Cort 09.06.21","DG-2_F","DG-2_F_8",NA,NA,10.4333333333333,0.800086906948894,0.10224654854363
"m",4,2,63,2020-11-05,09:58:00,"Baseline3","Baseline",4.118,"Petra_Cort_07.04.21","DG-3_W","DG-3_W_8",132.273,"BS_OXT_06.05.21",9.96666666666667,0.34923987818935,1.18188500650758
"m",4,2,63,2020-11-05,10:22:00,"Separation","Separation",4.467,"Petra Cort 14.05.21","DG-3_W","DG-3_W_8",73.86,"BS_OXT_06.05.21",10.3666666666667,0.735680188554674,1.18188500650758
"m",4,2,63,2020-11-05,10:40:00,"Reunion","Reunion",3.603,"Petra Cort 14.05.21","DG-3_W","DG-3_W_8",147.478,"BS_OXT_06.05.21",10.6666666666667,1.02551042132867,1.18188500650758
"m",4,1,28,2020-10-01,08:43:00,"Weaning","Weaning",9.25,"Petra_Cort_07.04.21","DG-3_W","DG-3_W_8",400.541,"BS_OXT_16.12.20",8.71666666666667,-0.858386091702285,-1.51721113840229
"m",4,1,49,2020-10-22,08:25:00,"Baseline2","Baseline",3.067,"Petra Cort 15.06.21","DG-3_W","DG-3_W_8",158.096,"BS_OXT_13.07.21",8.41666666666667,-1.14821632447628,0.10224654854363
"f",8,2,28,2020-11-12,09:24:00,"Weaning","Weaning",12.519,"Petra_Cort_15.04.21","DG-4_F","DG-4_F_8",96.819,"BS_OXT_29.03.21",9.4,-0.198217228161524,-1.51721113840229
"f",8,2,35,2020-11-19,10:03:00,"Play","Play",8.958,"Petra_Cort_15.04.21","DG-4_F","DG-4_F_8",124.456,"BS_OXT_29.03.21",10.05,0.429748276182127,-0.977391909420317
"f",8,2,36,2020-11-20,09:41:00,"Baseline1","Baseline",9.772,"Petra_Cort_15.04.21","DG-4_F","DG-4_F_8",178.244,"BS_OXT_29.03.21",9.68333333333333,0.0755113250139132,-0.900274876708607
"f",8,2,62,2020-12-16,09:16:00,"Baseline3","Baseline",7.235,"Petra Cort 27.05.21","DG-4_F","DG-4_F_8",53.627,"BS_OXT_18.05.21",9.26666666666667,-0.327030664949965,1.10476797379587
"f",8,2,62,2020-12-16,09:40:00,"Separation","Separation",10.208,"Petra Cort 27.05.21","DG-4_F","DG-4_F_8",33.951,"BS_OXT_18.05.21",9.66666666666667,0.0594096454153572,1.10476797379587
"f",8,2,62,2020-12-16,10:03:00,"Reunion","Reunion",7.665,"Petra Cort 27.05.21","DG-4_F","DG-4_F_8",47.27,"BS_OXT_18.05.21",10.05,0.429748276182127,1.10476797379587
"f",8,2,48,2020-12-02,11:43:00,"Baseline2","Baseline",6.159,"Petra Cort 16.06.21","DG-4_F","DG-4_F_8",NA,NA,11.7166666666667,2.03991623603764,0.0251295158319197
"m",11,1,28,2021-01-14,08:57:00,"Weaning","Weaning",19.353,"Petra_Cort_16.04.21","DG-5_W","DG-5_W_8",NA,NA,8.95,-0.632962577322514,-1.51721113840229
"m",11,1,35,2021-01-21,08:46:00,"Play","Play",11.003,"Petra_Cort_28.04.21","DG-5_W","DG-5_W_8",NA,NA,8.76666666666667,-0.810081052906619,-0.977391909420317
"m",11,1,36,2021-01-22,08:39:00,"Baseline1","Baseline",8.649,"Petra_Cort_28.04.21","DG-5_W","DG-5_W_8",145.912,"BS_OXT_30.03.21",8.65,-0.922792810096505,-0.900274876708607
"m",11,2,46,2021-02-01,11:15:00,"Baseline2","Baseline",6.143,"Petra Cort 22.06.21","DG-5_W","DG-5_W_8",NA,NA,11.25,1.5890692072781,-0.129104549591501
"m",11,2,60,2021-02-15,10:50:00,"Baseline3","Baseline",21.553,"Petra.Cort.01.06.21","DG-5_W","DG-5_W_8",198.018,"BS_OXT_19.05.21",10.8333333333333,1.18652721731422,0.950533908372446
"m",11,2,60,2021-02-15,11:13:00,"Separation","Separation",6.991,"Petra.Cort.01.06.21","DG-5_W","DG-5_W_8",71.852,"BS_OXT_19.05.21",11.2166666666667,1.55686584808099,0.950533908372446
"m",11,2,60,2021-02-15,11:35:00,"Reunion","Reunion",10.177,"Petra.Cort.01.06.21","DG-5_W","DG-5_W_8",NA,NA,11.5833333333333,1.9111027992492,0.950533908372446
"f",13,1,35,2020-11-19,08:50:00,"Play","Play",5.622,"Petra_Cort_12.04.21","DG-4_W","DG-4_W_8",NA,NA,8.83333333333333,-0.745674334512399,-0.977391909420317
"f",13,1,36,2020-11-20,08:52:00,"Baseline1","Baseline",9.244,"Petra_Cort_12.04.21","DG-4_W","DG-4_W_8",297.483,"BS_OXT_29.03.21",8.86666666666667,-0.713470975315288,-0.900274876708607
"f",13,2,64,2020-12-18,10:19:00,"Baseline3","Baseline",6.102,"Petra Cort 31.05.21","DG-4_W","DG-4_W_8",68.407,"BS_OXT_18.05.21",10.3166666666667,0.687375149759008,1.25900203921929
"f",13,2,64,2020-12-18,10:47:00,"Separation","Separation",16.943,"Petra Cort 31.05.21","DG-4_W","DG-4_W_8",58.398,"BS_OXT_19.05.21",10.7833333333333,1.13822217851855,1.25900203921929
"f",13,2,64,2020-12-18,11:06:00,"Reunion","Reunion",5.13,"Petra Cort 31.05.21","DG-4_W","DG-4_W_8",67.871,"BS_OXT_19.05.21",11.1,1.4441540908911,1.25900203921929
"f",13,1,50,2020-12-04,08:15:00,"Baseline2","Baseline",4.662,"Petra Cort 12.07.21","DG-4_W","DG-4_W_8",204.516,"BS_OXT_12.07.21",8.25,-1.30923312046183,0.179363581255341
"m",14,2,63,2020-11-05,09:12:00,"Baseline3","Baseline",6.935,"Petra Cort 11.05.21","DG-3_F","DG-3_F_8",270.528,"BS_OXT_06.05.21",9.2,-0.391437383344187,1.18188500650758
"m",14,2,63,2020-11-05,09:38:00,"Separation","Separation",14.436,"Petra Cort 11.05.21","DG-3_F","DG-3_F_8",118.268,"BS_OXT_06.05.21",9.63333333333333,0.0272062862182471,1.18188500650758
"m",14,2,63,2020-11-05,09:58:00,"Reunion","Reunion",14.156,"Petra Cort 11.05.21","DG-3_F","DG-3_F_8",569.244,"BS_OXT_06.05.21",9.96666666666667,0.34923987818935,1.18188500650758
"m",14,2,49,2020-10-22,10:58:00,"Baseline2","Baseline",3.879,"Petra Cort 14.06.21","DG-3_F","DG-3_F_8",NA,NA,10.9666666666667,1.31534065410266,0.10224654854363
"m",15,2,28,2021-01-14,09:16:00,"Weaning","Weaning",9.529,"Petra_Cort_16.04.21","DG-5_F","DG-5_F_8",183.559,"BS_OXT_30.03.21",9.26666666666667,-0.327030664949965,-1.51721113840229
"m",15,2,35,2021-01-21,09:46:00,"Play","Play",7.745,"Petra_Cort_16.04.21","DG-5_F","DG-5_F_8",104.056,"BS_OXT_30.03.21",9.76666666666667,0.156019723006689,-0.977391909420317
"m",15,2,36,2021-01-22,09:43:00,"Baseline1","Baseline",9.041,"Petra_Cort_16.04.21","DG-5_F","DG-5_F_8",169.175,"BS_OXT_13.04.21",9.71666666666667,0.107714684211023,-0.900274876708607
"m",15,1,46,2021-02-01,08:38:00,"Baseline2","Baseline",4.998,"Petra Cort 21.06.21","DG-5_F","DG-5_F_8",NA,NA,8.63333333333333,-0.938894489695061,-0.129104549591501
"m",15,1,60,2021-02-15,08:35:00,"Baseline3","Baseline",4.644,"Petra Cort 31.05.21","DG-5_F","DG-5_F_8",84.059,"BS_OXT_25.05.21",8.58333333333333,-0.987199528490726,0.950533908372446
"m",15,1,60,2021-02-15,08:57:00,"Separation","Separation",5.222,"Petra Cort 31.05.21","DG-5_F","DG-5_F_8",35.863,"BS_OXT_25.05.21",8.95,-0.632962577322514,0.950533908372446
"m",15,1,60,2021-02-15,09:20:00,"Reunion","Reunion",3.261,"Petra Cort 31.05.21","DG-5_F","DG-5_F_8",37.467,"BS_OXT_25.05.21",9.33333333333333,-0.262623946555744,0.950533908372446
"f",1,1,28,2020-08-20,08:39:00,"Weaning","Weaning",8.33,"PM_Cort_19.02.21","DG-2_W","DG-2_W_9",184.429,"BS_OXT_08.12.20",8.65,-0.922792810096505,-1.51721113840229
"f",1,2,48,2020-09-09,11:06:00,"Baseline2","Baseline",3.856,"Petra Cort 11.06.21","DG-2_W","DG-2_W_9",NA,NA,11.1,1.4441540908911,0.0251295158319197
"f",1,1,62,2020-09-23,08:32:00,"Baseline3","Baseline",4.199,"Petra_Cort_29.04.21","DG-2_W","DG-2_W_9",145.155,"BS_OXT_22.04.21",8.53333333333333,-1.03550456728639,1.10476797379587
"f",1,1,62,2020-09-23,08:56:00,"Separation","Separation",6.842,"Petra_Cort_29.04.21","DG-2_W","DG-2_W_9",150.422,"BS_OXT_22.04.21",8.93333333333333,-0.649064256921068,1.10476797379587
"f",1,1,62,2020-09-23,09:16:00,"Reunion","Reunion",7.624,"Petra Cort 11.05.21","DG-2_W","DG-2_W_9",216.387,"BS_OXT_22.04.21",9.26666666666667,-0.327030664949965,1.10476797379587
"f",3,1,46,2020-09-07,08:40:00,"Baseline2","Baseline",4.801,"Petra Cort 03.06.21","DG-2_F","DG-2_F_9",NA,NA,8.66666666666667,-0.906691130497951,-0.129104549591501
"f",3,1,48,2020-09-09,08:38:00,"Baseline2","Baseline",3.431,"Petra Cort 03.06.21","DG-2_F","DG-2_F_9",NA,NA,8.63333333333333,-0.938894489695061,0.0251295158319197
"f",3,1,63,2020-09-24,08:35:00,"Baseline3","Baseline",4.919,"Petra Cort 11.05.21","DG-2_F","DG-2_F_9",158.785,"BS_OXT_06.05.21",8.58333333333333,-0.987199528490726,1.18188500650758
"f",3,1,63,2020-09-24,09:00:00,"Separation","Separation",9.32,"Petra Cort 11.05.21","DG-2_F","DG-2_F_9",203.003,"BS_OXT_06.05.21",9,-0.584657538526848,1.18188500650758
"f",3,1,63,2020-09-24,09:20:00,"Reunion","Reunion",6.875,"Petra Cort 11.05.21","DG-2_F","DG-2_F_9",161.272,"BS_OXT_06.05.21",9.33333333333333,-0.262623946555744,1.18188500650758
"f",4,2,62,2020-11-04,09:12:00,"Baseline3","Baseline",4.239,"Petra Cort 14.05.21","DG-3_W","DG-3_W_9",97.562,"BS_OXT_06.05.21",9.2,-0.391437383344187,1.10476797379587
"f",4,2,62,2020-11-04,09:39:00,"Separation","Separation",4.901,"Petra Cort 14.05.21","DG-3_W","DG-3_W_9",78.064,"BS_OXT_06.05.21",9.65,0.043307965816803,1.10476797379587
"f",4,2,62,2020-11-04,09:58:00,"Reunion","Reunion",7.275,"Petra Cort 14.05.21","DG-3_W","DG-3_W_9",168.004,"BS_OXT_06.05.21",9.96666666666667,0.34923987818935,1.10476797379587
"f",4,1,28,2020-10-01,08:56:00,"Weaning","Weaning",11.367,"Petra_Cort_12.04.21","DG-3_W","DG-3_W_9",193.301,"BS_OXT_16.12.20",8.93333333333333,-0.649064256921068,-1.51721113840229
"f",4,1,36,2020-10-09,08:49:00,"Baseline1","Baseline",12.92,"Petra_Cort_07.04.21","DG-3_W","DG-3_W_9",280.783,"BS_OXT_03.03.21",8.81666666666667,-0.761776014110954,-0.900274876708607
"f",8,2,28,2020-11-12,09:13:00,"Weaning","Weaning",19.089,"Petra_Cort_15.04.21","DG-4_F","DG-4_F_9",109.074,"BS_OXT_29.03.21",9.21666666666667,-0.375335703745631,-1.51721113840229
"f",8,2,35,2020-11-19,09:47:00,"Play","Play",6.411,"Petra_Cort_15.04.21","DG-4_F","DG-4_F_9",178.516,"BS_OXT_29.03.21",9.78333333333333,0.172121402605244,-0.977391909420317
"f",8,2,36,2020-11-20,09:36:00,"Baseline1","Baseline",9.976,"Petra_Cort_15.04.21","DG-4_F","DG-4_F_9",197.151,"BS_OXT_29.03.21",9.6,-0.00499707297886308,-0.900274876708607
"f",8,2,46,2020-11-30,11:57:00,"Baseline2","Baseline",6.626,"Petra Cort 16.06.21","DG-4_F","DG-4_F_9",NA,NA,11.95,2.26533975041741,-0.129104549591501
"f",8,2,60,2020-12-14,11:10:00,"Baseline3","Baseline",16.547,"Petra Cort 27.05.21","DG-4_F","DG-4_F_9",326.701,"BS_OXT_10.05.21",11.1666666666667,1.50856080928532,0.950533908372446
"f",8,2,60,2020-12-14,11:37:00,"Separation","Separation",13.953,"Petra Cort 27.05.21","DG-4_F","DG-4_F_9",139.661,"BS_OXT_10.05.21",11.6166666666667,1.94330615844631,0.950533908372446
"f",8,2,60,2020-12-14,11:59:00,"Reunion","Reunion",11.902,"Petra Cort 27.05.21","DG-4_F","DG-4_F_9",133.607,"BS_OXT_10.05.21",11.9833333333333,2.29754310961452,0.950533908372446
"f",11,1,28,2021-01-14,08:40:00,"Weaning","Weaning",14.387,"Petra_Cort_28.04.21","DG-5_W","DG-5_W_9",NA,NA,8.66666666666667,-0.906691130497951,-1.51721113840229
"f",11,1,35,2021-01-21,08:48:00,"Play","Play",10.42,"Petra_Cort_28.04.21","DG-5_W","DG-5_W_9",187.677,"BS_OXT_30.03.21",8.8,-0.777877693709509,-0.977391909420317
"f",11,1,36,2021-01-22,08:41:00,"Baseline1","Baseline",4.91,"Petra_Cort_28.04.21","DG-5_W","DG-5_W_9",104.493,"BS_OXT_30.03.21",8.68333333333333,-0.890589450899395,-0.900274876708607
"f",11,1,48,2021-02-03,08:35:00,"Baseline2","Baseline",4.667,"Petra Cort 22.06.21","DG-5_W","DG-5_W_9",NA,NA,8.58333333333333,-0.987199528490726,0.0251295158319197
"f",11,1,49,2021-02-04,08:32:00,"Baseline2","Baseline",5.134,"Petra Cort 22.06.21","DG-5_W","DG-5_W_9",NA,NA,8.53333333333333,-1.03550456728639,0.10224654854363
"f",11,2,63,2021-02-18,09:59:00,"Baseline3","Baseline",3.097,"Petra.Cort.01.06.21","DG-5_W","DG-5_W_9",83.552,"BS_OXT_25.05.21",9.98333333333333,0.365341557787905,1.18188500650758
"f",11,2,63,2021-02-18,10:25:00,"Separation","Separation",8.843,"Petra.Cort.01.06.21","DG-5_W","DG-5_W_9",45.582,"BS_OXT_25.05.21",10.4166666666667,0.783985227350338,1.18188500650758
"f",11,2,63,2021-02-18,10:44:00,"Reunion","Reunion",7.477,"Petra.Cort.01.06.21","DG-5_W","DG-5_W_9",54.648,"BS_OXT_25.05.21",10.7333333333333,1.08991713972289,1.18188500650758
"f",13,1,28,2020-11-12,08:52:00,"Weaning","Weaning",16.154,"Petra_Cort_16.04.21","DG-4_W","DG-4_W_9",94.412,"BS_OXT_03.03.21",8.86666666666667,-0.713470975315288,-1.51721113840229
"f",13,1,35,2020-11-19,08:36:00,"Play","Play",11.485,"Petra_Cort_15.04.21","DG-4_W","DG-4_W_9",149.881,"BS_OXT_29.03.21",8.6,-0.971097848892171,-0.977391909420317
"f",13,2,61,2020-12-15,08:55:00,"Baseline3","Baseline",7.685,"Petra Cort 31.05.21","DG-4_W","DG-4_W_9",118.396,"BS_OXT_18.05.21",8.91666666666667,-0.665165936519624,1.02765094108416
"f",13,2,61,2020-12-15,09:25:00,"Separation","Separation",7.675,"Petra Cort 31.05.21","DG-4_W","DG-4_W_9",49.148,"BS_OXT_18.05.21",9.41666666666667,-0.18211554856297,1.02765094108416
"f",13,2,61,2020-12-15,09:47:00,"Reunion","Reunion",7.447,"Petra Cort 31.05.21","DG-4_W","DG-4_W_9",103.492,"BS_OXT_18.05.21",9.78333333333333,0.172121402605244,1.02765094108416
"f",13,2,47,2020-12-01,10:45:00,"Baseline2","Baseline",2.727,"Petra Cort 21.06.21","DG-4_W","DG-4_W_9",NA,NA,10.75,1.10601881932144,-0.0519875168797908
"f",13,1,48,2020-12-02,08:20:00,"Baseline2","Baseline",7.227,"Petra Cort 21.06.21","DG-4_W","DG-4_W_9",NA,NA,8.33333333333333,-1.22872472246905,0.0251295158319197
"f",13,1,49,2020-12-03,08:10:00,"Baseline2","Baseline",5.115,"Petra Cort 21.06.21","DG-4_W","DG-4_W_9",NA,NA,8.16666666666667,-1.38974151845461,0.10224654854363
"f",13,1,50,2020-12-04,08:15:00,"Baseline2","Baseline",4.472,"Petra Cort 21.06.21","DG-4_W","DG-4_W_9",NA,NA,8.25,-1.30923312046183,0.179363581255341
"f",14,1,60,2020-11-02,08:32:00,"Baseline3","Baseline",7.295,"Petra Cort 11.05.21","DG-3_F","DG-3_F_9",180.432,"BS_OXT_22.04.21",8.53333333333333,-1.03550456728639,0.950533908372446
"f",14,1,60,2020-11-02,08:57:00,"Separation","Separation",28.707,"Petra Cort 11.05.21","DG-3_F","DG-3_F_9",207.318,"BS_OXT_22.04.21",8.95,-0.632962577322514,0.950533908372446
"f",14,1,60,2020-11-02,09:20:00,"Reunion","Reunion",9.912,"Petra Cort 11.05.21","DG-3_F","DG-3_F_9",176.241,"BS_OXT_22.04.21",9.33333333333333,-0.262623946555744,0.950533908372446
"f",14,1,46,2020-10-19,08:47:00,"Baseline2","Baseline",3.44,"Petra Cort 11.06.21","DG-3_F","DG-3_F_9",108.161,"BS_OXT_13.07.21",8.78333333333333,-0.793979373308065,-0.129104549591501
"f",14,2,28,2020-10-01,09:08:00,"Weaning","Weaning",8.518,"Petra_Cort_12.04.21","DG-3_F","DG-3_F_9",313.194,"BS_OXT_16.12.20",9.13333333333333,-0.455844101738407,-1.51721113840229
"f",14,2,35,2020-10-08,09:55:00,"Play","Play",4.364,"Petra_Cort_12.04.21","DG-3_F","DG-3_F_9",86.462,"BS_OXT_03.03.21",9.91666666666667,0.300934839393684,-0.977391909420317
"f",14,2,36,2020-10-09,09:54:00,"Baseline1","Baseline",5.551,"Petra_Cort_12.04.21","DG-3_F","DG-3_F_9",117.368,"BS_OXT_03.03.21",9.9,0.28483315979513,-0.900274876708607
"f",15,2,28,2021-01-14,09:17:00,"Weaning","Weaning",15.693,"Petra_Cort_16.04.21","DG-5_F","DG-5_F_9",276.589,"BS_OXT_30.03.21",9.28333333333333,-0.31092898535141,-1.51721113840229
"f",15,2,35,2021-01-21,09:43:00,"Play","Play",8.857,"Petra_Cort_28.04.21","DG-5_F","DG-5_F_9",184.786,"BS_OXT_30.03.21",9.71666666666667,0.107714684211023,-0.977391909420317
"f",15,2,36,2021-01-22,09:39:00,"Baseline1","Baseline",12.899,"Petra_Cort_16.04.21","DG-5_F","DG-5_F_9",153.874,"BS_OXT_13.04.21",9.65,0.043307965816803,-0.900274876708607
"f",15,1,47,2021-02-02,08:40:00,"Baseline2","Baseline",4.394,"Petra Cort 21.06.21","DG-5_F","DG-5_F_9",145.922,"BS_OXT_13.07.21",8.66666666666667,-0.906691130497951,-0.0519875168797908
"f",15,1,48,2021-02-03,08:35:00,"Baseline2","Baseline",3.056,"Petra Cort 21.06.21","DG-5_F","DG-5_F_9",94.323,"BS_OXT_13.07.21",8.58333333333333,-0.987199528490726,0.0251295158319197
"f",15,2,49,2021-02-04,10:25:00,"Baseline2","Baseline",5.252,"Petra Cort 21.06.21","DG-5_F","DG-5_F_9",111.855,"BS_OXT_13.07.21",10.4166666666667,0.783985227350338,0.10224654854363
"f",15,2,63,2021-02-18,09:11:00,"Baseline3","Baseline",5.595,"Petra.Cort.01.06.21","DG-5_F","DG-5_F_9",91.084,"BS_OXT_25.05.21",9.18333333333333,-0.407539062942741,1.18188500650758
"f",15,2,63,2021-02-18,09:39:00,"Separation","Separation",9.754,"Petra.Cort.01.06.21","DG-5_F","DG-5_F_9",31.087,"BS_OXT_25.05.21",9.65,0.043307965816803,1.18188500650758
"f",15,2,63,2021-02-18,09:59:00,"Reunion","Reunion",7.958,"Petra.Cort.01.06.21","DG-5_F","DG-5_F_9",37.727,"BS_OXT_25.05.21",9.98333333333333,0.365341557787905,1.18188500650758
"f",4,1,63,2020-11-05,08:25:00,"Baseline3","Baseline",6.912,"Petra Cort 14.05.21","DG-3_W","DG-3_W_10",268.882,"BS_OXT_10.05.21",8.41666666666667,-1.14821632447628,1.18188500650758
"f",4,1,63,2020-11-05,08:50:00,"Separation","Separation",8.822,"Petra Cort 14.05.21","DG-3_W","DG-3_W_10",618.309,"BS_OXT_10.05.21",8.83333333333333,-0.745674334512399,1.18188500650758
"f",4,1,63,2020-11-05,09:12:00,"Reunion","Reunion",6.603,"Petra Cort 14.05.21","DG-3_W","DG-3_W_10",112.205,"BS_OXT_10.05.21",9.2,-0.391437383344187,1.18188500650758
"f",4,1,28,2020-10-01,08:49:00,"Weaning","Weaning",13.286,"Petra_Cort_12.04.21","DG-3_W","DG-3_W_10",NA,NA,8.81666666666667,-0.761776014110954,-1.51721113840229
"f",4,1,49,2020-10-22,08:25:00,"Baseline2","Baseline",5.538,"Petra Cort 15.06.21","DG-3_W","DG-3_W_10",NA,NA,8.41666666666667,-1.14821632447628,0.10224654854363
"f",8,2,28,2020-11-12,09:23:00,"Weaning","Weaning",10.81,"Petra_Cort_15.04.21","DG-4_F","DG-4_F_10",NA,NA,9.38333333333333,-0.21431890776008,-1.51721113840229
"f",8,2,35,2020-11-19,09:48:00,"Play","Play",5.617,"Petra_Cort_15.04.21","DG-4_F","DG-4_F_10",NA,NA,9.8,0.1882230822038,-0.977391909420317
"f",8,2,36,2020-11-20,09:45:00,"Baseline1","Baseline",12.439,"Petra_Cort_15.04.21","DG-4_F","DG-4_F_10",NA,NA,9.75,0.139918043408134,-0.900274876708607
"f",8,2,64,2020-12-18,09:36:00,"Baseline3","Baseline",5.562,"Petra Cort 27.05.21","DG-4_F","DG-4_F_10",51.016,"BS_OXT_18.05.21",9.6,-0.00499707297886308,1.25900203921929
"f",8,2,64,2020-12-18,10:00:00,"Separation","Separation",17.505,"Petra Cort 27.05.21","DG-4_F","DG-4_F_10",41.289,"BS_OXT_18.05.21",10,0.381443237386461,1.25900203921929
"f",8,2,64,2020-12-18,10:19:00,"Reunion","Reunion",10.365,"Petra Cort 27.05.21","DG-4_F","DG-4_F_10",69.168,"BS_OXT_18.05.21",10.3166666666667,0.687375149759008,1.25900203921929
"f",8,2,50,2020-12-04,11:35:00,"Baseline2","Baseline",6.598,"Petra Cort 16.06.21","DG-4_F","DG-4_F_10",NA,NA,11.5833333333333,1.9111027992492,0.179363581255341
"f",11,1,35,2021-01-21,08:46:00,"Play","Play",14.018,"Petra_Cort_28.04.21","DG-5_W","DG-5_W_10",222.732,"BS_OXT_30.03.21",8.76666666666667,-0.810081052906619,-0.977391909420317
"f",11,1,36,2021-01-22,08:46:00,"Baseline1","Baseline",25.325,"Petra_Cort_28.04.21","DG-5_W","DG-5_W_10",NA,NA,8.76666666666667,-0.810081052906619,-0.900274876708607
"f",11,1,47,2021-02-02,08:30:00,"Baseline2","Baseline",2.899,"Petra Cort 12.07.21","DG-5_W","DG-5_W_10",NA,NA,8.5,-1.0677079264835,-0.0519875168797908
"f",11,1,49,2021-02-04,08:32:00,"Baseline2","Baseline",5.828,"Petra Cort 22.06.21","DG-5_W","DG-5_W_10",NA,NA,8.53333333333333,-1.03550456728639,0.10224654854363
"f",11,1,63,2021-02-18,08:27:00,"Baseline3","Baseline",4.764,"Petra.Cort.01.06.21","DG-5_W","DG-5_W_10",156.116,"BS_OXT_25.05.21",8.45,-1.11601296527917,1.18188500650758
"f",11,1,63,2021-02-18,08:52:00,"Separation","Separation",7.218,"Petra.Cort.01.06.21","DG-5_W","DG-5_W_10",137.734,"BS_OXT_25.05.21",8.86666666666667,-0.713470975315288,1.18188500650758
"f",11,1,63,2021-02-18,09:11:00,"Reunion","Reunion",7.147,"Petra.Cort.01.06.21","DG-5_W","DG-5_W_10",139.755,"BS_OXT_25.05.21",9.18333333333333,-0.407539062942741,1.18188500650758
"f",13,1,28,2020-11-12,08:43:00,"Weaning","Weaning",9.069,"Petra_Cort_16.04.21","DG-4_W","DG-4_W_10",64.465,"BS_OXT_03.03.21",8.71666666666667,-0.858386091702285,-1.51721113840229
"f",13,1,35,2020-11-19,09:00:00,"Play","Play",10.484,"Petra_Cort_15.04.21","DG-4_W","DG-4_W_10",NA,NA,9,-0.584657538526848,-0.977391909420317
"f",13,1,46,2020-11-30,08:35:00,"Baseline2","Baseline",7.869,"Petra Cort 21.06.21","DG-4_W","DG-4_W_10",169.971,"BS_OXT_12.07.21",8.58333333333333,-0.987199528490726,-0.129104549591501
"f",13,1,60,2020-12-14,08:48:00,"Baseline3","Baseline",8.125,"Petra Cort 31.05.21","DG-4_W","DG-4_W_10",NA,NA,8.8,-0.777877693709509,0.950533908372446
"f",13,1,60,2020-12-14,09:16:00,"Separation","Separation",11.909,"Petra Cort 31.05.21","DG-4_W","DG-4_W_10",96.674,"BS_OXT_10.05.21",9.26666666666667,-0.327030664949965,0.950533908372446
"f",13,1,60,2020-12-14,09:38:00,"Reunion","Reunion",10.247,"Petra Cort 31.05.21","DG-4_W","DG-4_W_10",224.8,"BS_OXT_10.05.21",9.63333333333333,0.0272062862182471,0.950533908372446
"f",14,2,60,2020-11-02,10:03:00,"Baseline3","Baseline",8.28,"Petra Cort 11.05.21","DG-3_F","DG-3_F_10",440.264,"BS_OXT_06.05.21",10.05,0.429748276182127,0.950533908372446
"f",14,2,60,2020-11-02,10:28:00,"Separation","Separation",11.898,"Petra Cort 11.05.21","DG-3_F","DG-3_F_10",161.776,"BS_OXT_06.05.21",10.4666666666667,0.832290266146005,0.950533908372446
"f",14,2,60,2020-11-02,10:48:00,"Reunion","Reunion",9.928,"Petra Cort 11.05.21","DG-3_F","DG-3_F_10",245.201,"BS_OXT_06.05.21",10.8,1.15432385811711,0.950533908372446
"f",14,1,46,2020-10-19,08:47:00,"Baseline2","Baseline",6.158,"Petra Cort 11.06.21","DG-3_F","DG-3_F_10",202.678,"BS_OXT_13.07.21",8.78333333333333,-0.793979373308065,-0.129104549591501
"f",14,2,28,2020-10-01,09:10:00,"Weaning","Weaning",16.353,"Petra_Cort_07.04.21","DG-3_F","DG-3_F_10",466.475,"BS_OXT_16.12.20",9.16666666666667,-0.423640742541297,-1.51721113840229
"f",14,2,35,2020-10-08,09:47:00,"Play","Play",5.394,"Petra_Cort_07.04.21","DG-3_F","DG-3_F_10",142.206,"BS_OXT_03.03.21",9.78333333333333,0.172121402605244,-0.977391909420317
"f",15,2,28,2021-01-14,09:13:00,"Weaning","Weaning",10.252,"Petra_Cort_16.04.21","DG-5_F","DG-5_F_10",171.792,"BS_OXT_30.03.21",9.21666666666667,-0.375335703745631,-1.51721113840229
"f",15,2,35,2021-01-21,09:37:00,"Play","Play",7.383,"Petra_Cort_16.04.21","DG-5_F","DG-5_F_10",212.119,"BS_OXT_30.03.21",9.61666666666667,0.0111046066196929,-0.977391909420317
"f",15,2,36,2021-01-22,09:42:00,"Baseline1","Baseline",6.685,"Petra_Cort_16.04.21","DG-5_F","DG-5_F_10",142.635,"BS_OXT_13.04.21",9.7,0.0916130046124674,-0.900274876708607
"f",15,1,46,2021-02-01,08:38:00,"Baseline2","Baseline",4.572,"Petra Cort 22.06.21","DG-5_F","DG-5_F_10",185.608,"BS_OXT_12.07.21",8.63333333333333,-0.938894489695061,-0.129104549591501
"f",15,1,49,2021-02-04,08:28:00,"Baseline2","Baseline",1.94,"Petra Cort 12.07.21","DG-5_F","DG-5_F_10",194.705,"BS_OXT_12.07.21",8.46666666666667,-1.09991128568061,0.10224654854363
"f",15,2,60,2021-02-15,10:03:00,"Baseline3","Baseline",5.115,"Petra Cort 31.05.21","DG-5_F","DG-5_F_10",58.68,"BS_OXT_19.05.21",10.05,0.429748276182127,0.950533908372446
"f",15,2,60,2021-02-15,10:27:00,"Separation","Separation",7.236,"Petra Cort 31.05.21","DG-5_F","DG-5_F_10",40.719,"BS_OXT_19.05.21",10.45,0.816188586547449,0.950533908372446
"f",15,2,60,2021-02-15,10:50:00,"Reunion","Reunion",8.205,"Petra Cort 31.05.21","DG-5_F","DG-5_F_10",84.592,"BS_OXT_19.05.21",10.8333333333333,1.18652721731422,0.950533908372446
"f",16,1,36,2021-01-22,09:36:00,"Baseline1","Baseline",NA,NA,"DG-5_W","DG-5_W_3",113.199,"BS_OXT_30.03.21",9.6,-0.00499707297886308,-0.900274876708607
"m",9,1,62,2020-12-16,08:32:00,"Baseline3","Baseline",NA,NA,"DG-4_W","DG-4_W_1",120.9,"BS_OXT_18.05.21",8.53333333333333,-1.03550456728639,1.10476797379587
"m",12,2,35,2020-10-08,09:53:00,"Play","Play",NA,NA,"DG-3_F","DG-3_F_1",124.408,"BS_OXT_03.03.21",9.88333333333333,0.268731480196574,-0.977391909420317
"m",11,2,49,2020-09-10,10:29:00,"Baseline2","Baseline",NA,NA,"DG-2_F","DG-2_F_5",135.894,"BS_OXT_21.04.21",10.4833333333333,0.848391945744559,0.10224654854363
"m",13,1,28,2020-11-12,08:57:00,"Absetzen","Weaning",NA,NA,"DG-4_W","DG-4_W_7",136.673,"BS_OXT_03.03.21",8.95,-0.632962577322514,-1.51721113840229
"m",6,2,35,2020-11-19,09:56:00,"Play","Play",NA,NA,"DG-4_F","DG-4_F_2",151.572,"BS_OXT_29.03.21",9.93333333333333,0.31703651899224,-0.977391909420317
"f",13,1,36,2020-11-20,08:32:00,"Baseline1","Baseline",NA,NA,"DG-4_W","DG-4_W_9",158.246,"BS_OXT_29.03.21",8.53333333333333,-1.03550456728639,-0.900274876708607
"m",6,2,28,2020-11-12,09:10:00,"Absetzen","Weaning",NA,NA,"DG-4_F","DG-4_F_2",158.719,"BS_OXT_29.03.21",9.16666666666667,-0.423640742541297,-1.51721113840229
"m",4,1,36,2020-10-09,08:55:00,"Baseline1","Baseline",NA,NA,"DG-3_W","DG-3_W_8",161.19,"BS_OXT_03.03.21",8.91666666666667,-0.665165936519624,-0.900274876708607
"f",12,2,36,2020-10-09,09:49:00,"Baseline1","Baseline",NA,NA,"DG-3_F","DG-3_F_5",168.603,"BS_OXT_03.03.21",9.81666666666667,0.204324761802354,-0.900274876708607
"m",9,1,35,2020-11-19,08:44:00,"Play","Play",NA,NA,"DG-4_W","DG-4_W_3",171.07,"BS_OXT_29.03.21",8.73333333333333,-0.842284412103731,-0.977391909420317
"f",17,2,28,2021-01-14,09:19:00,"Absetzen","Weaning",NA,NA,"DG-5_F","DG-5_F_3",187.475,"BS_OXT_30.03.21",9.31666666666667,-0.2787256261543,-1.51721113840229
"f",5,1,36,2020-10-09,08:56:00,"Baseline1","Baseline",NA,NA,"DG-3_W","DG-3_W_3",194.031,"BS_OXT_03.03.21",8.93333333333333,-0.649064256921068,-0.900274876708607
"f",4,1,36,2020-10-09,08:47:00,"Baseline1","Baseline",NA,NA,"DG-3_W","DG-3_W_10",195.003,"BS_OXT_03.03.21",8.78333333333333,-0.793979373308065,-0.900274876708607
"m",12,2,36,2020-10-09,09:54:00,"Baseline1","Baseline",NA,NA,"DG-3_F","DG-3_F_1",196.67,"BS_OXT_03.03.21",9.9,0.28483315979513,-0.900274876708607
"m",13,1,36,2020-11-20,08:32:00,"Baseline1","Baseline",NA,NA,"DG-4_W","DG-4_W_7",215.824,"BS_OXT_29.03.21",8.53333333333333,-1.03550456728639,-0.900274876708607
"f",11,2,35,2020-08-27,09:31:00,"Play","Play",NA,NA,"DG-2_F","DG-2_F_6",227.884,"BS_OXT_15.12.20",9.51666666666667,-0.0855054709716376,-0.977391909420317
"f",14,2,36,2020-10-09,09:37:00,"Baseline1","Baseline",NA,NA,"DG-3_F","DG-3_F_10",244.47,"BS_OXT_03.03.21",9.61666666666667,0.0111046066196929,-0.900274876708607
"m",12,2,36,2020-10-09,09:41:00,"Baseline1","Baseline",NA,NA,"DG-3_F","DG-3_F_2",244.795,"BS_OXT_03.03.21",9.68333333333333,0.0755113250139132,-0.900274876708607
"m",8,2,36,2020-11-20,09:46:00,"Baseline1","Baseline",NA,NA,"DG-4_F","DG-4_F_7",250.294,"BS_OXT_29.03.21",9.76666666666667,0.156019723006689,-0.900274876708607
"f",13,1,36,2020-11-20,08:41:00,"Baseline1","Baseline",NA,NA,"DG-4_W","DG-4_W_10",269.76,"BS_OXT_29.03.21",8.68333333333333,-0.890589450899395,-0.900274876708607
"f",1,1,35,2020-08-27,08:52:00,"Play","Play",NA,NA,"DG-2_W","DG-2_W_9",270.932,"BS_OXT_15.12.20",8.86666666666667,-0.713470975315288,-0.977391909420317
"m",6,2,35,2020-11-19,09:53:00,"Play","Play",NA,NA,"DG-4_F","DG-4_F_3",271.578,"BS_OXT_29.03.21",9.88333333333333,0.268731480196574,-0.977391909420317
"f",5,1,36,2020-10-09,08:45:00,"Baseline1","Baseline",NA,NA,"DG-3_W","DG-3_W_4",283.582,"BS_OXT_03.03.21",8.75,-0.826182732505175,-0.900274876708607
"m",14,2,36,2020-10-09,09:45:00,"Baseline1","Baseline",NA,NA,"DG-3_F","DG-3_F_8",285.837,"BS_OXT_03.03.21",9.75,0.139918043408134,-0.900274876708607
"f",1,1,36,2020-08-28,08:40:00,"Baseline1","Baseline",NA,NA,"DG-2_W","DG-2_W_9",291.214,"BS_OXT_15.12.20",8.66666666666667,-0.906691130497951,-0.900274876708607
"f",5,1,35,2020-10-08,08:36:00,"Play","Play",NA,NA,"DG-3_W","DG-3_W_3",294.14,"BS_OXT_16.12.20",8.6,-0.971097848892171,-0.977391909420317
"f",4,1,35,2020-10-08,08:53:00,"Play","Play",NA,NA,"DG-3_W","DG-3_W_10",296.532,"BS_OXT_16.12.20",8.88333333333333,-0.697369295716734,-0.977391909420317
"f",7,1,35,2020-08-27,08:46:00,"Play","Play",NA,NA,"DG-2_W","DG-2_W_3",299.512,"BS_OXT_15.12.20",8.76666666666667,-0.810081052906619,-0.977391909420317
"f",3,2,28,2020-08-20,09:13:00,"Absetzen","Weaning",NA,NA,"DG-2_F","DG-2_F_9",301.773,"BS_OXT_15.12.20",9.21666666666667,-0.375335703745631,-1.51721113840229
"f",2,1,36,2020-08-28,08:33:00,"Baseline1","Baseline",NA,NA,"DG-2_W","DG-2_W_6",306.091,"BS_OXT_15.12.20",8.55,-1.01940288768784,-0.900274876708607
"m",4,1,36,2020-10-09,08:36:00,"Baseline1","Baseline",NA,NA,"DG-3_W","DG-3_W_7",307.324,"BS_OXT_03.03.21",8.6,-0.971097848892171,-0.900274876708607
"m",4,1,28,2020-10-01,08:40:00,"Absetzen","Weaning",NA,NA,"DG-3_W","DG-3_W_7",314.822,"BS_OXT_16.12.20",8.66666666666667,-0.906691130497951,-1.51721113840229
"m",1,1,28,2020-08-20,08:51:00,"Absetzen","Weaning",NA,NA,"DG-2_W","DG-2_W_7",322.899,"BS_OXT_08.12.20",8.85,-0.729572654913844,-1.51721113840229
"m",14,2,35,2020-10-08,09:38:00,"Play","Play",NA,NA,"DG-3_F","DG-3_F_7",324.457,"BS_OXT_16.12.20",9.63333333333333,0.0272062862182471,-0.977391909420317
"m",11,2,28,2020-08-20,09:08:00,"Absetzen","Weaning",NA,NA,"DG-2_F","DG-2_F_4",336.073,"BS_OXT_08.12.20",9.13333333333333,-0.455844101738407,-1.51721113840229
"m",4,1,35,2020-10-08,08:49:00,"Play","Play",NA,NA,"DG-3_W","DG-3_W_8",340.407,"BS_OXT_16.12.20",8.81666666666667,-0.761776014110954,-0.977391909420317
"f",10,2,35,2020-08-27,09:39:00,"Play","Play",NA,NA,"DG-2_F","DG-2_F_2",342.437,"BS_OXT_15.12.20",9.65,0.043307965816803,-0.977391909420317
"f",17,2,35,2021-01-21,09:33:00,"Play","Play",NA,NA,"DG-5_F","DG-5_F_5",347.217,"BS_OXT_30.03.21",9.55,-0.0533021117745275,-0.977391909420317
"m",3,2,49,2020-09-10,10:26:00,"Baseline2","Baseline",NA,NA,"DG-2_F","DG-2_F_8",351.385,"BS_OXT_21.04.21",10.4333333333333,0.800086906948894,0.10224654854363
"m",12,2,28,2020-10-01,09:14:00,"Absetzen","Weaning",NA,NA,"DG-3_F","DG-3_F_1",356.172,"BS_OXT_16.12.20",9.23333333333333,-0.359234024147077,-1.51721113840229
"f",7,1,36,2020-08-28,08:46:00,"Baseline1","Baseline",NA,NA,"DG-2_W","DG-2_W_3",356.732,"BS_OXT_15.12.20",8.76666666666667,-0.810081052906619,-0.900274876708607
"m",11,2,28,2020-08-20,09:02:00,"Absetzen","Weaning",NA,NA,"DG-2_F","DG-2_F_5",361.195,"BS_OXT_08.12.20",9.03333333333333,-0.552454179329738,-1.51721113840229
"f",4,1,35,2020-10-08,08:59:00,"Play","Play",NA,NA,"DG-3_W","DG-3_W_9",379.199,"BS_OXT_16.12.20",8.98333333333333,-0.600759218125404,-0.977391909420317
"f",1,1,47,2020-09-08,08:21:00,"Baseline2","Baseline",NA,NA,"DG-2_W","DG-2_W_9",385.409,"BS_OXT_13.04.21",8.35,-1.2126230428705,-0.0519875168797908
"m",4,1,35,2020-10-08,08:35:00,"Play","Play",NA,NA,"DG-3_W","DG-3_W_7",404.064,"BS_OXT_16.12.20",8.58333333333333,-0.987199528490726,-0.977391909420317
"m",3,2,35,2020-08-27,09:41:00,"Play","Play",NA,NA,"DG-2_F","DG-2_F_8",434.251,"BS_OXT_15.12.20",9.68333333333333,0.0755113250139132,-0.977391909420317
"f",3,2,36,2020-08-28,09:06:00,"Baseline1","Baseline",NA,NA,"DG-2_F","DG-2_F_9",438.658,"BS_OXT_15.12.20",9.1,-0.488047460935517,-0.900274876708607
"m",2,1,35,2020-08-27,08:50:00,"Play","Play",NA,NA,"DG-2_W","DG-2_W_5",477.86,"BS_OXT_15.12.20",8.83333333333333,-0.745674334512399,-0.977391909420317
"m",3,2,28,2020-08-20,09:18:00,"Absetzen","Weaning",NA,NA,"DG-2_F","DG-2_F_8",484.201,"BS_OXT_15.12.20",9.3,-0.294827305752855,-1.51721113840229
"f",10,2,36,2020-08-28,09:02:00,"Baseline1","Baseline",NA,NA,"DG-2_F","DG-2_F_2",500.068,"BS_OXT_15.12.20",9.03333333333333,-0.552454179329738,-0.900274876708607
"f",10,2,28,2020-08-20,09:09:00,"Absetzen","Weaning",NA,NA,"DG-2_F","DG-2_F_3",532.543,"BS_OXT_08.12.20",9.15,-0.439742422139851,-1.51721113840229
"m",14,2,35,2020-10-08,09:40:00,"Play","Play",NA,NA,"DG-3_F","DG-3_F_8",555.163,"BS_OXT_16.12.20",9.66666666666667,0.0594096454153572,-0.977391909420317
"f",7,1,49,2020-09-10,08:27:00,"Baseline2","Baseline",NA,NA,"DG-2_W","DG-2_W_3",574.629,"BS_OXT_21.04.21",8.45,-1.11601296527917,0.10224654854363
"m",14,2,28,2020-10-01,09:07:00,"Absetzen","Weaning",NA,NA,"DG-3_F","DG-3_F_6",650.04,"BS_OXT_16.12.20",9.11666666666667,-0.471945781336961,-1.51721113840229
"f",3,2,35,2020-08-27,09:53:00,"Play","Play",NA,NA,"DG-2_F","DG-2_F_9",707.818,"BS_OXT_15.12.20",9.88333333333333,0.268731480196574,-0.977391909420317
